arg_read	_Z10vector_mulPKiS0_Pi	0	in1	0	0	4
arg_read	_Z10vector_mulPKiS0_Pi	1	in2	1	0	4
arg_write	_Z10vector_mulPKiS0_Pi	2	out	2	0	4
arg_read	_Z10vector_mulPKiS0_Pi	0	in1	0	4	4
arg_read	_Z10vector_mulPKiS0_Pi	1	in2	1	4	4
arg_write	_Z10vector_mulPKiS0_Pi	2	out	2	4	4
arg_read	_Z10vector_mulPKiS0_Pi	0	in1	0	8	4
arg_read	_Z10vector_mulPKiS0_Pi	1	in2	1	8	4
arg_write	_Z10vector_mulPKiS0_Pi	2	out	2	8	4
arg_read	_Z10vector_mulPKiS0_Pi	0	in1	0	12	4
arg_read	_Z10vector_mulPKiS0_Pi	1	in2	1	12	4
arg_write	_Z10vector_mulPKiS0_Pi	2	out	2	12	4
arg_read	_Z10vector_mulPKiS0_Pi	0	in1	0	16	4
arg_read	_Z10vector_mulPKiS0_Pi	1	in2	1	16	4
arg_write	_Z10vector_mulPKiS0_Pi	2	out	2	16	4
arg_read	_Z10vector_mulPKiS0_Pi	0	in1	0	20	4
arg_read	_Z10vector_mulPKiS0_Pi	1	in2	1	20	4
arg_write	_Z10vector_mulPKiS0_Pi	2	out	2	20	4
arg_read	_Z10vector_mulPKiS0_Pi	0	in1	0	24	4
arg_read	_Z10vector_mulPKiS0_Pi	1	in2	1	24	4
arg_write	_Z10vector_mulPKiS0_Pi	2	out	2	24	4
arg_read	_Z10vector_mulPKiS0_Pi	0	in1	0	28	4
arg_read	_Z10vector_mulPKiS0_Pi	1	in2	1	28	4
arg_write	_Z10vector_mulPKiS0_Pi	2	out	2	28	4
arg_read	_Z10vector_mulPKiS0_Pi	0	in1	0	32	4
arg_read	_Z10vector_mulPKiS0_Pi	1	in2	1	32	4
arg_write	_Z10vector_mulPKiS0_Pi	2	out	2	32	4
arg_read	_Z10vector_mulPKiS0_Pi	0	in1	0	36	4
arg_read	_Z10vector_mulPKiS0_Pi	1	in2	1	36	4
arg_write	_Z10vector_mulPKiS0_Pi	2	out	2	36	4
arg_read	_Z10vector_mulPKiS0_Pi	0	in1	0	40	4
arg_read	_Z10vector_mulPKiS0_Pi	1	in2	1	40	4
arg_write	_Z10vector_mulPKiS0_Pi	2	out	2	40	4
arg_read	_Z10vector_mulPKiS0_Pi	0	in1	0	44	4
arg_read	_Z10vector_mulPKiS0_Pi	1	in2	1	44	4
arg_write	_Z10vector_mulPKiS0_Pi	2	out	2	44	4
arg_read	_Z10vector_mulPKiS0_Pi	0	in1	0	48	4
arg_read	_Z10vector_mulPKiS0_Pi	1	in2	1	48	4
arg_write	_Z10vector_mulPKiS0_Pi	2	out	2	48	4
arg_read	_Z10vector_mulPKiS0_Pi	0	in1	0	52	4
arg_read	_Z10vector_mulPKiS0_Pi	1	in2	1	52	4
arg_write	_Z10vector_mulPKiS0_Pi	2	out	2	52	4
arg_read	_Z10vector_mulPKiS0_Pi	0	in1	0	56	4
arg_read	_Z10vector_mulPKiS0_Pi	1	in2	1	56	4
arg_write	_Z10vector_mulPKiS0_Pi	2	out	2	56	4
arg_read	_Z10vector_mulPKiS0_Pi	0	in1	0	60	4
arg_read	_Z10vector_mulPKiS0_Pi	1	in2	1	60	4
arg_write	_Z10vector_mulPKiS0_Pi	2	out	2	60	4
arg_read	_Z10vector_mulPKiS0_Pi	0	in1	0	64	4
arg_read	_Z10vector_mulPKiS0_Pi	1	in2	1	64	4
arg_write	_Z10vector_mulPKiS0_Pi	2	out	2	64	4
arg_read	_Z10vector_mulPKiS0_Pi	0	in1	0	68	4
arg_read	_Z10vector_mulPKiS0_Pi	1	in2	1	68	4
arg_write	_Z10vector_mulPKiS0_Pi	2	out	2	68	4
arg_read	_Z10vector_mulPKiS0_Pi	0	in1	0	72	4
arg_read	_Z10vector_mulPKiS0_Pi	1	in2	1	72	4
arg_write	_Z10vector_mulPKiS0_Pi	2	out	2	72	4
arg_read	_Z10vector_mulPKiS0_Pi	0	in1	0	76	4
arg_read	_Z10vector_mulPKiS0_Pi	1	in2	1	76	4
arg_write	_Z10vector_mulPKiS0_Pi	2	out	2	76	4
arg_read	_Z10vector_mulPKiS0_Pi	0	in1	0	80	4
arg_read	_Z10vector_mulPKiS0_Pi	1	in2	1	80	4
arg_write	_Z10vector_mulPKiS0_Pi	2	out	2	80	4
arg_read	_Z10vector_mulPKiS0_Pi	0	in1	0	84	4
arg_read	_Z10vector_mulPKiS0_Pi	1	in2	1	84	4
arg_write	_Z10vector_mulPKiS0_Pi	2	out	2	84	4
arg_read	_Z10vector_mulPKiS0_Pi	0	in1	0	88	4
arg_read	_Z10vector_mulPKiS0_Pi	1	in2	1	88	4
arg_write	_Z10vector_mulPKiS0_Pi	2	out	2	88	4
arg_read	_Z10vector_mulPKiS0_Pi	0	in1	0	92	4
arg_read	_Z10vector_mulPKiS0_Pi	1	in2	1	92	4
arg_write	_Z10vector_mulPKiS0_Pi	2	out	2	92	4
arg_read	_Z10vector_mulPKiS0_Pi	0	in1	0	96	4
arg_read	_Z10vector_mulPKiS0_Pi	1	in2	1	96	4
arg_write	_Z10vector_mulPKiS0_Pi	2	out	2	96	4
arg_read	_Z10vector_mulPKiS0_Pi	0	in1	0	100	4
arg_read	_Z10vector_mulPKiS0_Pi	1	in2	1	100	4
arg_write	_Z10vector_mulPKiS0_Pi	2	out	2	100	4
arg_read	_Z10vector_mulPKiS0_Pi	0	in1	0	104	4
arg_read	_Z10vector_mulPKiS0_Pi	1	in2	1	104	4
arg_write	_Z10vector_mulPKiS0_Pi	2	out	2	104	4
arg_read	_Z10vector_mulPKiS0_Pi	0	in1	0	108	4
arg_read	_Z10vector_mulPKiS0_Pi	1	in2	1	108	4
arg_write	_Z10vector_mulPKiS0_Pi	2	out	2	108	4
arg_read	_Z10vector_mulPKiS0_Pi	0	in1	0	112	4
arg_read	_Z10vector_mulPKiS0_Pi	1	in2	1	112	4
arg_write	_Z10vector_mulPKiS0_Pi	2	out	2	112	4
arg_read	_Z10vector_mulPKiS0_Pi	0	in1	0	116	4
arg_read	_Z10vector_mulPKiS0_Pi	1	in2	1	116	4
arg_write	_Z10vector_mulPKiS0_Pi	2	out	2	116	4
arg_read	_Z10vector_mulPKiS0_Pi	0	in1	0	120	4
arg_read	_Z10vector_mulPKiS0_Pi	1	in2	1	120	4
arg_write	_Z10vector_mulPKiS0_Pi	2	out	2	120	4
arg_read	_Z10vector_mulPKiS0_Pi	0	in1	0	124	4
arg_read	_Z10vector_mulPKiS0_Pi	1	in2	1	124	4
arg_write	_Z10vector_mulPKiS0_Pi	2	out	2	124	4
arg_read	_Z10vector_mulPKiS0_Pi	0	in1	0	128	4
arg_read	_Z10vector_mulPKiS0_Pi	1	in2	1	128	4
arg_write	_Z10vector_mulPKiS0_Pi	2	out	2	128	4
arg_read	_Z10vector_mulPKiS0_Pi	0	in1	0	132	4
arg_read	_Z10vector_mulPKiS0_Pi	1	in2	1	132	4
arg_write	_Z10vector_mulPKiS0_Pi	2	out	2	132	4
arg_read	_Z10vector_mulPKiS0_Pi	0	in1	0	136	4
arg_read	_Z10vector_mulPKiS0_Pi	1	in2	1	136	4
arg_write	_Z10vector_mulPKiS0_Pi	2	out	2	136	4
arg_read	_Z10vector_mulPKiS0_Pi	0	in1	0	140	4
arg_read	_Z10vector_mulPKiS0_Pi	1	in2	1	140	4
arg_write	_Z10vector_mulPKiS0_Pi	2	out	2	140	4
arg_read	_Z10vector_mulPKiS0_Pi	0	in1	0	144	4
arg_read	_Z10vector_mulPKiS0_Pi	1	in2	1	144	4
arg_write	_Z10vector_mulPKiS0_Pi	2	out	2	144	4
arg_read	_Z10vector_mulPKiS0_Pi	0	in1	0	148	4
arg_read	_Z10vector_mulPKiS0_Pi	1	in2	1	148	4
arg_write	_Z10vector_mulPKiS0_Pi	2	out	2	148	4
arg_read	_Z10vector_mulPKiS0_Pi	0	in1	0	152	4
arg_read	_Z10vector_mulPKiS0_Pi	1	in2	1	152	4
arg_write	_Z10vector_mulPKiS0_Pi	2	out	2	152	4
arg_read	_Z10vector_mulPKiS0_Pi	0	in1	0	156	4
arg_read	_Z10vector_mulPKiS0_Pi	1	in2	1	156	4
arg_write	_Z10vector_mulPKiS0_Pi	2	out	2	156	4
arg_read	_Z10vector_mulPKiS0_Pi	0	in1	0	160	4
arg_read	_Z10vector_mulPKiS0_Pi	1	in2	1	160	4
arg_write	_Z10vector_mulPKiS0_Pi	2	out	2	160	4
arg_read	_Z10vector_mulPKiS0_Pi	0	in1	0	164	4
arg_read	_Z10vector_mulPKiS0_Pi	1	in2	1	164	4
arg_write	_Z10vector_mulPKiS0_Pi	2	out	2	164	4
arg_read	_Z10vector_mulPKiS0_Pi	0	in1	0	168	4
arg_read	_Z10vector_mulPKiS0_Pi	1	in2	1	168	4
arg_write	_Z10vector_mulPKiS0_Pi	2	out	2	168	4
arg_read	_Z10vector_mulPKiS0_Pi	0	in1	0	172	4
arg_read	_Z10vector_mulPKiS0_Pi	1	in2	1	172	4
arg_write	_Z10vector_mulPKiS0_Pi	2	out	2	172	4
arg_read	_Z10vector_mulPKiS0_Pi	0	in1	0	176	4
arg_read	_Z10vector_mulPKiS0_Pi	1	in2	1	176	4
arg_write	_Z10vector_mulPKiS0_Pi	2	out	2	176	4
arg_read	_Z10vector_mulPKiS0_Pi	0	in1	0	180	4
arg_read	_Z10vector_mulPKiS0_Pi	1	in2	1	180	4
arg_write	_Z10vector_mulPKiS0_Pi	2	out	2	180	4
arg_read	_Z10vector_mulPKiS0_Pi	0	in1	0	184	4
arg_read	_Z10vector_mulPKiS0_Pi	1	in2	1	184	4
arg_write	_Z10vector_mulPKiS0_Pi	2	out	2	184	4
arg_read	_Z10vector_mulPKiS0_Pi	0	in1	0	188	4
arg_read	_Z10vector_mulPKiS0_Pi	1	in2	1	188	4
arg_write	_Z10vector_mulPKiS0_Pi	2	out	2	188	4
arg_read	_Z10vector_mulPKiS0_Pi	0	in1	0	192	4
arg_read	_Z10vector_mulPKiS0_Pi	1	in2	1	192	4
arg_write	_Z10vector_mulPKiS0_Pi	2	out	2	192	4
arg_read	_Z10vector_mulPKiS0_Pi	0	in1	0	196	4
arg_read	_Z10vector_mulPKiS0_Pi	1	in2	1	196	4
arg_write	_Z10vector_mulPKiS0_Pi	2	out	2	196	4
arg_read	_Z10vector_mulPKiS0_Pi	0	in1	0	200	4
arg_read	_Z10vector_mulPKiS0_Pi	1	in2	1	200	4
arg_write	_Z10vector_mulPKiS0_Pi	2	out	2	200	4
arg_read	_Z10vector_mulPKiS0_Pi	0	in1	0	204	4
arg_read	_Z10vector_mulPKiS0_Pi	1	in2	1	204	4
arg_write	_Z10vector_mulPKiS0_Pi	2	out	2	204	4
arg_read	_Z10vector_mulPKiS0_Pi	0	in1	0	208	4
arg_read	_Z10vector_mulPKiS0_Pi	1	in2	1	208	4
arg_write	_Z10vector_mulPKiS0_Pi	2	out	2	208	4
arg_read	_Z10vector_mulPKiS0_Pi	0	in1	0	212	4
arg_read	_Z10vector_mulPKiS0_Pi	1	in2	1	212	4
arg_write	_Z10vector_mulPKiS0_Pi	2	out	2	212	4
arg_read	_Z10vector_mulPKiS0_Pi	0	in1	0	216	4
arg_read	_Z10vector_mulPKiS0_Pi	1	in2	1	216	4
arg_write	_Z10vector_mulPKiS0_Pi	2	out	2	216	4
arg_read	_Z10vector_mulPKiS0_Pi	0	in1	0	220	4
arg_read	_Z10vector_mulPKiS0_Pi	1	in2	1	220	4
arg_write	_Z10vector_mulPKiS0_Pi	2	out	2	220	4
arg_read	_Z10vector_mulPKiS0_Pi	0	in1	0	224	4
arg_read	_Z10vector_mulPKiS0_Pi	1	in2	1	224	4
arg_write	_Z10vector_mulPKiS0_Pi	2	out	2	224	4
arg_read	_Z10vector_mulPKiS0_Pi	0	in1	0	228	4
arg_read	_Z10vector_mulPKiS0_Pi	1	in2	1	228	4
arg_write	_Z10vector_mulPKiS0_Pi	2	out	2	228	4
arg_read	_Z10vector_mulPKiS0_Pi	0	in1	0	232	4
arg_read	_Z10vector_mulPKiS0_Pi	1	in2	1	232	4
arg_write	_Z10vector_mulPKiS0_Pi	2	out	2	232	4
arg_read	_Z10vector_mulPKiS0_Pi	0	in1	0	236	4
arg_read	_Z10vector_mulPKiS0_Pi	1	in2	1	236	4
arg_write	_Z10vector_mulPKiS0_Pi	2	out	2	236	4
arg_read	_Z10vector_mulPKiS0_Pi	0	in1	0	240	4
arg_read	_Z10vector_mulPKiS0_Pi	1	in2	1	240	4
arg_write	_Z10vector_mulPKiS0_Pi	2	out	2	240	4
arg_read	_Z10vector_mulPKiS0_Pi	0	in1	0	244	4
arg_read	_Z10vector_mulPKiS0_Pi	1	in2	1	244	4
arg_write	_Z10vector_mulPKiS0_Pi	2	out	2	244	4
arg_read	_Z10vector_mulPKiS0_Pi	0	in1	0	248	4
arg_read	_Z10vector_mulPKiS0_Pi	1	in2	1	248	4
arg_write	_Z10vector_mulPKiS0_Pi	2	out	2	248	4
arg_read	_Z10vector_mulPKiS0_Pi	0	in1	0	252	4
arg_read	_Z10vector_mulPKiS0_Pi	1	in2	1	252	4
arg_write	_Z10vector_mulPKiS0_Pi	2	out	2	252	4
