txn_id	direction	argument	bundle	start_index	end_index	byte_addr	beats	axlen	elements_per_beat	issue_order	complete_order	depends_on	timeline_lane
txn_a_0	read	a	gmem_a	0	15	0	1	0	16	0	1		a
txn_b_0	read	b	gmem_b	0	240	0	16	15	16	0	16		b
txn_c_0	write	c	gmem_c	0	0	0	1	0	1	21	22	txn_a_0,txn_b_0	c
txn_a_1	read	a	gmem_a	0	15	0	1	0	16	22	23		a
txn_b_1	read	b	gmem_b	1	241	0	16	15	16	22	38		b
txn_c_1	write	c	gmem_c	1	1	4	1	0	1	43	44	txn_a_1,txn_b_1	c
txn_a_2	read	a	gmem_a	0	15	0	1	0	16	44	45		a
txn_b_2	read	b	gmem_b	2	242	0	16	15	16	44	60		b
txn_c_2	write	c	gmem_c	2	2	8	1	0	1	65	66	txn_a_2,txn_b_2	c
txn_a_3	read	a	gmem_a	0	15	0	1	0	16	66	67		a
txn_b_3	read	b	gmem_b	3	243	0	16	15	16	66	82		b
txn_c_3	write	c	gmem_c	3	3	12	1	0	1	87	88	txn_a_3,txn_b_3	c
txn_a_4	read	a	gmem_a	0	15	0	1	0	16	88	89		a
txn_b_4	read	b	gmem_b	4	244	0	16	15	16	88	104		b
txn_c_4	write	c	gmem_c	4	4	16	1	0	1	109	110	txn_a_4,txn_b_4	c
txn_a_5	read	a	gmem_a	0	15	0	1	0	16	110	111		a
txn_b_5	read	b	gmem_b	5	245	0	16	15	16	110	126		b
txn_c_5	write	c	gmem_c	5	5	20	1	0	1	131	132	txn_a_5,txn_b_5	c
txn_a_6	read	a	gmem_a	0	15	0	1	0	16	132	133		a
txn_b_6	read	b	gmem_b	6	246	0	16	15	16	132	148		b
txn_c_6	write	c	gmem_c	6	6	24	1	0	1	153	154	txn_a_6,txn_b_6	c
txn_a_7	read	a	gmem_a	0	15	0	1	0	16	154	155		a
txn_b_7	read	b	gmem_b	7	247	0	16	15	16	154	170		b
txn_c_7	write	c	gmem_c	7	7	28	1	0	1	175	176	txn_a_7,txn_b_7	c
txn_a_8	read	a	gmem_a	0	15	0	1	0	16	176	177		a
txn_b_8	read	b	gmem_b	8	248	0	16	15	16	176	192		b
txn_c_8	write	c	gmem_c	8	8	32	1	0	1	197	198	txn_a_8,txn_b_8	c
txn_a_9	read	a	gmem_a	0	15	0	1	0	16	198	199		a
txn_b_9	read	b	gmem_b	9	249	0	16	15	16	198	214		b
txn_c_9	write	c	gmem_c	9	9	36	1	0	1	219	220	txn_a_9,txn_b_9	c
txn_a_10	read	a	gmem_a	0	15	0	1	0	16	220	221		a
txn_b_10	read	b	gmem_b	10	250	0	16	15	16	220	236		b
txn_c_10	write	c	gmem_c	10	10	40	1	0	1	241	242	txn_a_10,txn_b_10	c
txn_a_11	read	a	gmem_a	0	15	0	1	0	16	242	243		a
txn_b_11	read	b	gmem_b	11	251	0	16	15	16	242	258		b
txn_c_11	write	c	gmem_c	11	11	44	1	0	1	263	264	txn_a_11,txn_b_11	c
txn_a_12	read	a	gmem_a	0	15	0	1	0	16	264	265		a
txn_b_12	read	b	gmem_b	12	252	0	16	15	16	264	280		b
txn_c_12	write	c	gmem_c	12	12	48	1	0	1	285	286	txn_a_12,txn_b_12	c
txn_a_13	read	a	gmem_a	0	15	0	1	0	16	286	287		a
txn_b_13	read	b	gmem_b	13	253	0	16	15	16	286	302		b
txn_c_13	write	c	gmem_c	13	13	52	1	0	1	307	308	txn_a_13,txn_b_13	c
txn_a_14	read	a	gmem_a	0	15	0	1	0	16	308	309		a
txn_b_14	read	b	gmem_b	14	254	0	16	15	16	308	324		b
txn_c_14	write	c	gmem_c	14	14	56	1	0	1	329	330	txn_a_14,txn_b_14	c
txn_a_15	read	a	gmem_a	0	15	0	1	0	16	330	331		a
txn_b_15	read	b	gmem_b	15	255	0	16	15	16	330	346		b
txn_c_15	write	c	gmem_c	15	15	60	1	0	1	351	352	txn_a_15,txn_b_15	c
txn_a_16	read	a	gmem_a	16	31	64	1	0	16	352	353		a
txn_b_16	read	b	gmem_b	0	240	0	16	15	16	352	368		b
txn_c_16	write	c	gmem_c	16	16	64	1	0	1	373	374	txn_a_16,txn_b_16	c
txn_a_17	read	a	gmem_a	16	31	64	1	0	16	374	375		a
txn_b_17	read	b	gmem_b	1	241	0	16	15	16	374	390		b
txn_c_17	write	c	gmem_c	17	17	68	1	0	1	395	396	txn_a_17,txn_b_17	c
txn_a_18	read	a	gmem_a	16	31	64	1	0	16	396	397		a
txn_b_18	read	b	gmem_b	2	242	0	16	15	16	396	412		b
txn_c_18	write	c	gmem_c	18	18	72	1	0	1	417	418	txn_a_18,txn_b_18	c
txn_a_19	read	a	gmem_a	16	31	64	1	0	16	418	419		a
txn_b_19	read	b	gmem_b	3	243	0	16	15	16	418	434		b
txn_c_19	write	c	gmem_c	19	19	76	1	0	1	439	440	txn_a_19,txn_b_19	c
txn_a_20	read	a	gmem_a	16	31	64	1	0	16	440	441		a
txn_b_20	read	b	gmem_b	4	244	0	16	15	16	440	456		b
txn_c_20	write	c	gmem_c	20	20	80	1	0	1	461	462	txn_a_20,txn_b_20	c
txn_a_21	read	a	gmem_a	16	31	64	1	0	16	462	463		a
txn_b_21	read	b	gmem_b	5	245	0	16	15	16	462	478		b
txn_c_21	write	c	gmem_c	21	21	84	1	0	1	483	484	txn_a_21,txn_b_21	c
txn_a_22	read	a	gmem_a	16	31	64	1	0	16	484	485		a
txn_b_22	read	b	gmem_b	6	246	0	16	15	16	484	500		b
txn_c_22	write	c	gmem_c	22	22	88	1	0	1	505	506	txn_a_22,txn_b_22	c
txn_a_23	read	a	gmem_a	16	31	64	1	0	16	506	507		a
txn_b_23	read	b	gmem_b	7	247	0	16	15	16	506	522		b
txn_c_23	write	c	gmem_c	23	23	92	1	0	1	527	528	txn_a_23,txn_b_23	c
txn_a_24	read	a	gmem_a	16	31	64	1	0	16	528	529		a
txn_b_24	read	b	gmem_b	8	248	0	16	15	16	528	544		b
txn_c_24	write	c	gmem_c	24	24	96	1	0	1	549	550	txn_a_24,txn_b_24	c
txn_a_25	read	a	gmem_a	16	31	64	1	0	16	550	551		a
txn_b_25	read	b	gmem_b	9	249	0	16	15	16	550	566		b
txn_c_25	write	c	gmem_c	25	25	100	1	0	1	571	572	txn_a_25,txn_b_25	c
txn_a_26	read	a	gmem_a	16	31	64	1	0	16	572	573		a
txn_b_26	read	b	gmem_b	10	250	0	16	15	16	572	588		b
txn_c_26	write	c	gmem_c	26	26	104	1	0	1	593	594	txn_a_26,txn_b_26	c
txn_a_27	read	a	gmem_a	16	31	64	1	0	16	594	595		a
txn_b_27	read	b	gmem_b	11	251	0	16	15	16	594	610		b
txn_c_27	write	c	gmem_c	27	27	108	1	0	1	615	616	txn_a_27,txn_b_27	c
txn_a_28	read	a	gmem_a	16	31	64	1	0	16	616	617		a
txn_b_28	read	b	gmem_b	12	252	0	16	15	16	616	632		b
txn_c_28	write	c	gmem_c	28	28	112	1	0	1	637	638	txn_a_28,txn_b_28	c
txn_a_29	read	a	gmem_a	16	31	64	1	0	16	638	639		a
txn_b_29	read	b	gmem_b	13	253	0	16	15	16	638	654		b
txn_c_29	write	c	gmem_c	29	29	116	1	0	1	659	660	txn_a_29,txn_b_29	c
txn_a_30	read	a	gmem_a	16	31	64	1	0	16	660	661		a
txn_b_30	read	b	gmem_b	14	254	0	16	15	16	660	676		b
txn_c_30	write	c	gmem_c	30	30	120	1	0	1	681	682	txn_a_30,txn_b_30	c
txn_a_31	read	a	gmem_a	16	31	64	1	0	16	682	683		a
txn_b_31	read	b	gmem_b	15	255	0	16	15	16	682	698		b
txn_c_31	write	c	gmem_c	31	31	124	1	0	1	703	704	txn_a_31,txn_b_31	c
txn_a_32	read	a	gmem_a	32	47	128	1	0	16	704	705		a
txn_b_32	read	b	gmem_b	0	240	0	16	15	16	704	720		b
txn_c_32	write	c	gmem_c	32	32	128	1	0	1	725	726	txn_a_32,txn_b_32	c
txn_a_33	read	a	gmem_a	32	47	128	1	0	16	726	727		a
txn_b_33	read	b	gmem_b	1	241	0	16	15	16	726	742		b
txn_c_33	write	c	gmem_c	33	33	132	1	0	1	747	748	txn_a_33,txn_b_33	c
txn_a_34	read	a	gmem_a	32	47	128	1	0	16	748	749		a
txn_b_34	read	b	gmem_b	2	242	0	16	15	16	748	764		b
txn_c_34	write	c	gmem_c	34	34	136	1	0	1	769	770	txn_a_34,txn_b_34	c
txn_a_35	read	a	gmem_a	32	47	128	1	0	16	770	771		a
txn_b_35	read	b	gmem_b	3	243	0	16	15	16	770	786		b
txn_c_35	write	c	gmem_c	35	35	140	1	0	1	791	792	txn_a_35,txn_b_35	c
txn_a_36	read	a	gmem_a	32	47	128	1	0	16	792	793		a
txn_b_36	read	b	gmem_b	4	244	0	16	15	16	792	808		b
txn_c_36	write	c	gmem_c	36	36	144	1	0	1	813	814	txn_a_36,txn_b_36	c
txn_a_37	read	a	gmem_a	32	47	128	1	0	16	814	815		a
txn_b_37	read	b	gmem_b	5	245	0	16	15	16	814	830		b
txn_c_37	write	c	gmem_c	37	37	148	1	0	1	835	836	txn_a_37,txn_b_37	c
txn_a_38	read	a	gmem_a	32	47	128	1	0	16	836	837		a
txn_b_38	read	b	gmem_b	6	246	0	16	15	16	836	852		b
txn_c_38	write	c	gmem_c	38	38	152	1	0	1	857	858	txn_a_38,txn_b_38	c
txn_a_39	read	a	gmem_a	32	47	128	1	0	16	858	859		a
txn_b_39	read	b	gmem_b	7	247	0	16	15	16	858	874		b
txn_c_39	write	c	gmem_c	39	39	156	1	0	1	879	880	txn_a_39,txn_b_39	c
txn_a_40	read	a	gmem_a	32	47	128	1	0	16	880	881		a
txn_b_40	read	b	gmem_b	8	248	0	16	15	16	880	896		b
txn_c_40	write	c	gmem_c	40	40	160	1	0	1	901	902	txn_a_40,txn_b_40	c
txn_a_41	read	a	gmem_a	32	47	128	1	0	16	902	903		a
txn_b_41	read	b	gmem_b	9	249	0	16	15	16	902	918		b
txn_c_41	write	c	gmem_c	41	41	164	1	0	1	923	924	txn_a_41,txn_b_41	c
txn_a_42	read	a	gmem_a	32	47	128	1	0	16	924	925		a
txn_b_42	read	b	gmem_b	10	250	0	16	15	16	924	940		b
txn_c_42	write	c	gmem_c	42	42	168	1	0	1	945	946	txn_a_42,txn_b_42	c
txn_a_43	read	a	gmem_a	32	47	128	1	0	16	946	947		a
txn_b_43	read	b	gmem_b	11	251	0	16	15	16	946	962		b
txn_c_43	write	c	gmem_c	43	43	172	1	0	1	967	968	txn_a_43,txn_b_43	c
txn_a_44	read	a	gmem_a	32	47	128	1	0	16	968	969		a
txn_b_44	read	b	gmem_b	12	252	0	16	15	16	968	984		b
txn_c_44	write	c	gmem_c	44	44	176	1	0	1	989	990	txn_a_44,txn_b_44	c
txn_a_45	read	a	gmem_a	32	47	128	1	0	16	990	991		a
txn_b_45	read	b	gmem_b	13	253	0	16	15	16	990	1006		b
txn_c_45	write	c	gmem_c	45	45	180	1	0	1	1011	1012	txn_a_45,txn_b_45	c
txn_a_46	read	a	gmem_a	32	47	128	1	0	16	1012	1013		a
txn_b_46	read	b	gmem_b	14	254	0	16	15	16	1012	1028		b
txn_c_46	write	c	gmem_c	46	46	184	1	0	1	1033	1034	txn_a_46,txn_b_46	c
txn_a_47	read	a	gmem_a	32	47	128	1	0	16	1034	1035		a
txn_b_47	read	b	gmem_b	15	255	0	16	15	16	1034	1050		b
txn_c_47	write	c	gmem_c	47	47	188	1	0	1	1055	1056	txn_a_47,txn_b_47	c
txn_a_48	read	a	gmem_a	48	63	192	1	0	16	1056	1057		a
txn_b_48	read	b	gmem_b	0	240	0	16	15	16	1056	1072		b
txn_c_48	write	c	gmem_c	48	48	192	1	0	1	1077	1078	txn_a_48,txn_b_48	c
txn_a_49	read	a	gmem_a	48	63	192	1	0	16	1078	1079		a
txn_b_49	read	b	gmem_b	1	241	0	16	15	16	1078	1094		b
txn_c_49	write	c	gmem_c	49	49	196	1	0	1	1099	1100	txn_a_49,txn_b_49	c
txn_a_50	read	a	gmem_a	48	63	192	1	0	16	1100	1101		a
txn_b_50	read	b	gmem_b	2	242	0	16	15	16	1100	1116		b
txn_c_50	write	c	gmem_c	50	50	200	1	0	1	1121	1122	txn_a_50,txn_b_50	c
txn_a_51	read	a	gmem_a	48	63	192	1	0	16	1122	1123		a
txn_b_51	read	b	gmem_b	3	243	0	16	15	16	1122	1138		b
txn_c_51	write	c	gmem_c	51	51	204	1	0	1	1143	1144	txn_a_51,txn_b_51	c
txn_a_52	read	a	gmem_a	48	63	192	1	0	16	1144	1145		a
txn_b_52	read	b	gmem_b	4	244	0	16	15	16	1144	1160		b
txn_c_52	write	c	gmem_c	52	52	208	1	0	1	1165	1166	txn_a_52,txn_b_52	c
txn_a_53	read	a	gmem_a	48	63	192	1	0	16	1166	1167		a
txn_b_53	read	b	gmem_b	5	245	0	16	15	16	1166	1182		b
txn_c_53	write	c	gmem_c	53	53	212	1	0	1	1187	1188	txn_a_53,txn_b_53	c
txn_a_54	read	a	gmem_a	48	63	192	1	0	16	1188	1189		a
txn_b_54	read	b	gmem_b	6	246	0	16	15	16	1188	1204		b
txn_c_54	write	c	gmem_c	54	54	216	1	0	1	1209	1210	txn_a_54,txn_b_54	c
txn_a_55	read	a	gmem_a	48	63	192	1	0	16	1210	1211		a
txn_b_55	read	b	gmem_b	7	247	0	16	15	16	1210	1226		b
txn_c_55	write	c	gmem_c	55	55	220	1	0	1	1231	1232	txn_a_55,txn_b_55	c
txn_a_56	read	a	gmem_a	48	63	192	1	0	16	1232	1233		a
txn_b_56	read	b	gmem_b	8	248	0	16	15	16	1232	1248		b
txn_c_56	write	c	gmem_c	56	56	224	1	0	1	1253	1254	txn_a_56,txn_b_56	c
txn_a_57	read	a	gmem_a	48	63	192	1	0	16	1254	1255		a
txn_b_57	read	b	gmem_b	9	249	0	16	15	16	1254	1270		b
txn_c_57	write	c	gmem_c	57	57	228	1	0	1	1275	1276	txn_a_57,txn_b_57	c
txn_a_58	read	a	gmem_a	48	63	192	1	0	16	1276	1277		a
txn_b_58	read	b	gmem_b	10	250	0	16	15	16	1276	1292		b
txn_c_58	write	c	gmem_c	58	58	232	1	0	1	1297	1298	txn_a_58,txn_b_58	c
txn_a_59	read	a	gmem_a	48	63	192	1	0	16	1298	1299		a
txn_b_59	read	b	gmem_b	11	251	0	16	15	16	1298	1314		b
txn_c_59	write	c	gmem_c	59	59	236	1	0	1	1319	1320	txn_a_59,txn_b_59	c
txn_a_60	read	a	gmem_a	48	63	192	1	0	16	1320	1321		a
txn_b_60	read	b	gmem_b	12	252	0	16	15	16	1320	1336		b
txn_c_60	write	c	gmem_c	60	60	240	1	0	1	1341	1342	txn_a_60,txn_b_60	c
txn_a_61	read	a	gmem_a	48	63	192	1	0	16	1342	1343		a
txn_b_61	read	b	gmem_b	13	253	0	16	15	16	1342	1358		b
txn_c_61	write	c	gmem_c	61	61	244	1	0	1	1363	1364	txn_a_61,txn_b_61	c
txn_a_62	read	a	gmem_a	48	63	192	1	0	16	1364	1365		a
txn_b_62	read	b	gmem_b	14	254	0	16	15	16	1364	1380		b
txn_c_62	write	c	gmem_c	62	62	248	1	0	1	1385	1386	txn_a_62,txn_b_62	c
txn_a_63	read	a	gmem_a	48	63	192	1	0	16	1386	1387		a
txn_b_63	read	b	gmem_b	15	255	0	16	15	16	1386	1402		b
txn_c_63	write	c	gmem_c	63	63	252	1	0	1	1407	1408	txn_a_63,txn_b_63	c
txn_a_64	read	a	gmem_a	64	79	256	1	0	16	1408	1409		a
txn_b_64	read	b	gmem_b	0	240	0	16	15	16	1408	1424		b
txn_c_64	write	c	gmem_c	64	64	256	1	0	1	1429	1430	txn_a_64,txn_b_64	c
txn_a_65	read	a	gmem_a	64	79	256	1	0	16	1430	1431		a
txn_b_65	read	b	gmem_b	1	241	0	16	15	16	1430	1446		b
txn_c_65	write	c	gmem_c	65	65	260	1	0	1	1451	1452	txn_a_65,txn_b_65	c
txn_a_66	read	a	gmem_a	64	79	256	1	0	16	1452	1453		a
txn_b_66	read	b	gmem_b	2	242	0	16	15	16	1452	1468		b
txn_c_66	write	c	gmem_c	66	66	264	1	0	1	1473	1474	txn_a_66,txn_b_66	c
txn_a_67	read	a	gmem_a	64	79	256	1	0	16	1474	1475		a
txn_b_67	read	b	gmem_b	3	243	0	16	15	16	1474	1490		b
txn_c_67	write	c	gmem_c	67	67	268	1	0	1	1495	1496	txn_a_67,txn_b_67	c
txn_a_68	read	a	gmem_a	64	79	256	1	0	16	1496	1497		a
txn_b_68	read	b	gmem_b	4	244	0	16	15	16	1496	1512		b
txn_c_68	write	c	gmem_c	68	68	272	1	0	1	1517	1518	txn_a_68,txn_b_68	c
txn_a_69	read	a	gmem_a	64	79	256	1	0	16	1518	1519		a
txn_b_69	read	b	gmem_b	5	245	0	16	15	16	1518	1534		b
txn_c_69	write	c	gmem_c	69	69	276	1	0	1	1539	1540	txn_a_69,txn_b_69	c
txn_a_70	read	a	gmem_a	64	79	256	1	0	16	1540	1541		a
txn_b_70	read	b	gmem_b	6	246	0	16	15	16	1540	1556		b
txn_c_70	write	c	gmem_c	70	70	280	1	0	1	1561	1562	txn_a_70,txn_b_70	c
txn_a_71	read	a	gmem_a	64	79	256	1	0	16	1562	1563		a
txn_b_71	read	b	gmem_b	7	247	0	16	15	16	1562	1578		b
txn_c_71	write	c	gmem_c	71	71	284	1	0	1	1583	1584	txn_a_71,txn_b_71	c
txn_a_72	read	a	gmem_a	64	79	256	1	0	16	1584	1585		a
txn_b_72	read	b	gmem_b	8	248	0	16	15	16	1584	1600		b
txn_c_72	write	c	gmem_c	72	72	288	1	0	1	1605	1606	txn_a_72,txn_b_72	c
txn_a_73	read	a	gmem_a	64	79	256	1	0	16	1606	1607		a
txn_b_73	read	b	gmem_b	9	249	0	16	15	16	1606	1622		b
txn_c_73	write	c	gmem_c	73	73	292	1	0	1	1627	1628	txn_a_73,txn_b_73	c
txn_a_74	read	a	gmem_a	64	79	256	1	0	16	1628	1629		a
txn_b_74	read	b	gmem_b	10	250	0	16	15	16	1628	1644		b
txn_c_74	write	c	gmem_c	74	74	296	1	0	1	1649	1650	txn_a_74,txn_b_74	c
txn_a_75	read	a	gmem_a	64	79	256	1	0	16	1650	1651		a
txn_b_75	read	b	gmem_b	11	251	0	16	15	16	1650	1666		b
txn_c_75	write	c	gmem_c	75	75	300	1	0	1	1671	1672	txn_a_75,txn_b_75	c
txn_a_76	read	a	gmem_a	64	79	256	1	0	16	1672	1673		a
txn_b_76	read	b	gmem_b	12	252	0	16	15	16	1672	1688		b
txn_c_76	write	c	gmem_c	76	76	304	1	0	1	1693	1694	txn_a_76,txn_b_76	c
txn_a_77	read	a	gmem_a	64	79	256	1	0	16	1694	1695		a
txn_b_77	read	b	gmem_b	13	253	0	16	15	16	1694	1710		b
txn_c_77	write	c	gmem_c	77	77	308	1	0	1	1715	1716	txn_a_77,txn_b_77	c
txn_a_78	read	a	gmem_a	64	79	256	1	0	16	1716	1717		a
txn_b_78	read	b	gmem_b	14	254	0	16	15	16	1716	1732		b
txn_c_78	write	c	gmem_c	78	78	312	1	0	1	1737	1738	txn_a_78,txn_b_78	c
txn_a_79	read	a	gmem_a	64	79	256	1	0	16	1738	1739		a
txn_b_79	read	b	gmem_b	15	255	0	16	15	16	1738	1754		b
txn_c_79	write	c	gmem_c	79	79	316	1	0	1	1759	1760	txn_a_79,txn_b_79	c
txn_a_80	read	a	gmem_a	80	95	320	1	0	16	1760	1761		a
txn_b_80	read	b	gmem_b	0	240	0	16	15	16	1760	1776		b
txn_c_80	write	c	gmem_c	80	80	320	1	0	1	1781	1782	txn_a_80,txn_b_80	c
txn_a_81	read	a	gmem_a	80	95	320	1	0	16	1782	1783		a
txn_b_81	read	b	gmem_b	1	241	0	16	15	16	1782	1798		b
txn_c_81	write	c	gmem_c	81	81	324	1	0	1	1803	1804	txn_a_81,txn_b_81	c
txn_a_82	read	a	gmem_a	80	95	320	1	0	16	1804	1805		a
txn_b_82	read	b	gmem_b	2	242	0	16	15	16	1804	1820		b
txn_c_82	write	c	gmem_c	82	82	328	1	0	1	1825	1826	txn_a_82,txn_b_82	c
txn_a_83	read	a	gmem_a	80	95	320	1	0	16	1826	1827		a
txn_b_83	read	b	gmem_b	3	243	0	16	15	16	1826	1842		b
txn_c_83	write	c	gmem_c	83	83	332	1	0	1	1847	1848	txn_a_83,txn_b_83	c
txn_a_84	read	a	gmem_a	80	95	320	1	0	16	1848	1849		a
txn_b_84	read	b	gmem_b	4	244	0	16	15	16	1848	1864		b
txn_c_84	write	c	gmem_c	84	84	336	1	0	1	1869	1870	txn_a_84,txn_b_84	c
txn_a_85	read	a	gmem_a	80	95	320	1	0	16	1870	1871		a
txn_b_85	read	b	gmem_b	5	245	0	16	15	16	1870	1886		b
txn_c_85	write	c	gmem_c	85	85	340	1	0	1	1891	1892	txn_a_85,txn_b_85	c
txn_a_86	read	a	gmem_a	80	95	320	1	0	16	1892	1893		a
txn_b_86	read	b	gmem_b	6	246	0	16	15	16	1892	1908		b
txn_c_86	write	c	gmem_c	86	86	344	1	0	1	1913	1914	txn_a_86,txn_b_86	c
txn_a_87	read	a	gmem_a	80	95	320	1	0	16	1914	1915		a
txn_b_87	read	b	gmem_b	7	247	0	16	15	16	1914	1930		b
txn_c_87	write	c	gmem_c	87	87	348	1	0	1	1935	1936	txn_a_87,txn_b_87	c
txn_a_88	read	a	gmem_a	80	95	320	1	0	16	1936	1937		a
txn_b_88	read	b	gmem_b	8	248	0	16	15	16	1936	1952		b
txn_c_88	write	c	gmem_c	88	88	352	1	0	1	1957	1958	txn_a_88,txn_b_88	c
txn_a_89	read	a	gmem_a	80	95	320	1	0	16	1958	1959		a
txn_b_89	read	b	gmem_b	9	249	0	16	15	16	1958	1974		b
txn_c_89	write	c	gmem_c	89	89	356	1	0	1	1979	1980	txn_a_89,txn_b_89	c
txn_a_90	read	a	gmem_a	80	95	320	1	0	16	1980	1981		a
txn_b_90	read	b	gmem_b	10	250	0	16	15	16	1980	1996		b
txn_c_90	write	c	gmem_c	90	90	360	1	0	1	2001	2002	txn_a_90,txn_b_90	c
txn_a_91	read	a	gmem_a	80	95	320	1	0	16	2002	2003		a
txn_b_91	read	b	gmem_b	11	251	0	16	15	16	2002	2018		b
txn_c_91	write	c	gmem_c	91	91	364	1	0	1	2023	2024	txn_a_91,txn_b_91	c
txn_a_92	read	a	gmem_a	80	95	320	1	0	16	2024	2025		a
txn_b_92	read	b	gmem_b	12	252	0	16	15	16	2024	2040		b
txn_c_92	write	c	gmem_c	92	92	368	1	0	1	2045	2046	txn_a_92,txn_b_92	c
txn_a_93	read	a	gmem_a	80	95	320	1	0	16	2046	2047		a
txn_b_93	read	b	gmem_b	13	253	0	16	15	16	2046	2062		b
txn_c_93	write	c	gmem_c	93	93	372	1	0	1	2067	2068	txn_a_93,txn_b_93	c
txn_a_94	read	a	gmem_a	80	95	320	1	0	16	2068	2069		a
txn_b_94	read	b	gmem_b	14	254	0	16	15	16	2068	2084		b
txn_c_94	write	c	gmem_c	94	94	376	1	0	1	2089	2090	txn_a_94,txn_b_94	c
txn_a_95	read	a	gmem_a	80	95	320	1	0	16	2090	2091		a
txn_b_95	read	b	gmem_b	15	255	0	16	15	16	2090	2106		b
txn_c_95	write	c	gmem_c	95	95	380	1	0	1	2111	2112	txn_a_95,txn_b_95	c
txn_a_96	read	a	gmem_a	96	111	384	1	0	16	2112	2113		a
txn_b_96	read	b	gmem_b	0	240	0	16	15	16	2112	2128		b
txn_c_96	write	c	gmem_c	96	96	384	1	0	1	2133	2134	txn_a_96,txn_b_96	c
txn_a_97	read	a	gmem_a	96	111	384	1	0	16	2134	2135		a
txn_b_97	read	b	gmem_b	1	241	0	16	15	16	2134	2150		b
txn_c_97	write	c	gmem_c	97	97	388	1	0	1	2155	2156	txn_a_97,txn_b_97	c
txn_a_98	read	a	gmem_a	96	111	384	1	0	16	2156	2157		a
txn_b_98	read	b	gmem_b	2	242	0	16	15	16	2156	2172		b
txn_c_98	write	c	gmem_c	98	98	392	1	0	1	2177	2178	txn_a_98,txn_b_98	c
txn_a_99	read	a	gmem_a	96	111	384	1	0	16	2178	2179		a
txn_b_99	read	b	gmem_b	3	243	0	16	15	16	2178	2194		b
txn_c_99	write	c	gmem_c	99	99	396	1	0	1	2199	2200	txn_a_99,txn_b_99	c
txn_a_100	read	a	gmem_a	96	111	384	1	0	16	2200	2201		a
txn_b_100	read	b	gmem_b	4	244	0	16	15	16	2200	2216		b
txn_c_100	write	c	gmem_c	100	100	400	1	0	1	2221	2222	txn_a_100,txn_b_100	c
txn_a_101	read	a	gmem_a	96	111	384	1	0	16	2222	2223		a
txn_b_101	read	b	gmem_b	5	245	0	16	15	16	2222	2238		b
txn_c_101	write	c	gmem_c	101	101	404	1	0	1	2243	2244	txn_a_101,txn_b_101	c
txn_a_102	read	a	gmem_a	96	111	384	1	0	16	2244	2245		a
txn_b_102	read	b	gmem_b	6	246	0	16	15	16	2244	2260		b
txn_c_102	write	c	gmem_c	102	102	408	1	0	1	2265	2266	txn_a_102,txn_b_102	c
txn_a_103	read	a	gmem_a	96	111	384	1	0	16	2266	2267		a
txn_b_103	read	b	gmem_b	7	247	0	16	15	16	2266	2282		b
txn_c_103	write	c	gmem_c	103	103	412	1	0	1	2287	2288	txn_a_103,txn_b_103	c
txn_a_104	read	a	gmem_a	96	111	384	1	0	16	2288	2289		a
txn_b_104	read	b	gmem_b	8	248	0	16	15	16	2288	2304		b
txn_c_104	write	c	gmem_c	104	104	416	1	0	1	2309	2310	txn_a_104,txn_b_104	c
txn_a_105	read	a	gmem_a	96	111	384	1	0	16	2310	2311		a
txn_b_105	read	b	gmem_b	9	249	0	16	15	16	2310	2326		b
txn_c_105	write	c	gmem_c	105	105	420	1	0	1	2331	2332	txn_a_105,txn_b_105	c
txn_a_106	read	a	gmem_a	96	111	384	1	0	16	2332	2333		a
txn_b_106	read	b	gmem_b	10	250	0	16	15	16	2332	2348		b
txn_c_106	write	c	gmem_c	106	106	424	1	0	1	2353	2354	txn_a_106,txn_b_106	c
txn_a_107	read	a	gmem_a	96	111	384	1	0	16	2354	2355		a
txn_b_107	read	b	gmem_b	11	251	0	16	15	16	2354	2370		b
txn_c_107	write	c	gmem_c	107	107	428	1	0	1	2375	2376	txn_a_107,txn_b_107	c
txn_a_108	read	a	gmem_a	96	111	384	1	0	16	2376	2377		a
txn_b_108	read	b	gmem_b	12	252	0	16	15	16	2376	2392		b
txn_c_108	write	c	gmem_c	108	108	432	1	0	1	2397	2398	txn_a_108,txn_b_108	c
txn_a_109	read	a	gmem_a	96	111	384	1	0	16	2398	2399		a
txn_b_109	read	b	gmem_b	13	253	0	16	15	16	2398	2414		b
txn_c_109	write	c	gmem_c	109	109	436	1	0	1	2419	2420	txn_a_109,txn_b_109	c
txn_a_110	read	a	gmem_a	96	111	384	1	0	16	2420	2421		a
txn_b_110	read	b	gmem_b	14	254	0	16	15	16	2420	2436		b
txn_c_110	write	c	gmem_c	110	110	440	1	0	1	2441	2442	txn_a_110,txn_b_110	c
txn_a_111	read	a	gmem_a	96	111	384	1	0	16	2442	2443		a
txn_b_111	read	b	gmem_b	15	255	0	16	15	16	2442	2458		b
txn_c_111	write	c	gmem_c	111	111	444	1	0	1	2463	2464	txn_a_111,txn_b_111	c
txn_a_112	read	a	gmem_a	112	127	448	1	0	16	2464	2465		a
txn_b_112	read	b	gmem_b	0	240	0	16	15	16	2464	2480		b
txn_c_112	write	c	gmem_c	112	112	448	1	0	1	2485	2486	txn_a_112,txn_b_112	c
txn_a_113	read	a	gmem_a	112	127	448	1	0	16	2486	2487		a
txn_b_113	read	b	gmem_b	1	241	0	16	15	16	2486	2502		b
txn_c_113	write	c	gmem_c	113	113	452	1	0	1	2507	2508	txn_a_113,txn_b_113	c
txn_a_114	read	a	gmem_a	112	127	448	1	0	16	2508	2509		a
txn_b_114	read	b	gmem_b	2	242	0	16	15	16	2508	2524		b
txn_c_114	write	c	gmem_c	114	114	456	1	0	1	2529	2530	txn_a_114,txn_b_114	c
txn_a_115	read	a	gmem_a	112	127	448	1	0	16	2530	2531		a
txn_b_115	read	b	gmem_b	3	243	0	16	15	16	2530	2546		b
txn_c_115	write	c	gmem_c	115	115	460	1	0	1	2551	2552	txn_a_115,txn_b_115	c
txn_a_116	read	a	gmem_a	112	127	448	1	0	16	2552	2553		a
txn_b_116	read	b	gmem_b	4	244	0	16	15	16	2552	2568		b
txn_c_116	write	c	gmem_c	116	116	464	1	0	1	2573	2574	txn_a_116,txn_b_116	c
txn_a_117	read	a	gmem_a	112	127	448	1	0	16	2574	2575		a
txn_b_117	read	b	gmem_b	5	245	0	16	15	16	2574	2590		b
txn_c_117	write	c	gmem_c	117	117	468	1	0	1	2595	2596	txn_a_117,txn_b_117	c
txn_a_118	read	a	gmem_a	112	127	448	1	0	16	2596	2597		a
txn_b_118	read	b	gmem_b	6	246	0	16	15	16	2596	2612		b
txn_c_118	write	c	gmem_c	118	118	472	1	0	1	2617	2618	txn_a_118,txn_b_118	c
txn_a_119	read	a	gmem_a	112	127	448	1	0	16	2618	2619		a
txn_b_119	read	b	gmem_b	7	247	0	16	15	16	2618	2634		b
txn_c_119	write	c	gmem_c	119	119	476	1	0	1	2639	2640	txn_a_119,txn_b_119	c
txn_a_120	read	a	gmem_a	112	127	448	1	0	16	2640	2641		a
txn_b_120	read	b	gmem_b	8	248	0	16	15	16	2640	2656		b
txn_c_120	write	c	gmem_c	120	120	480	1	0	1	2661	2662	txn_a_120,txn_b_120	c
txn_a_121	read	a	gmem_a	112	127	448	1	0	16	2662	2663		a
txn_b_121	read	b	gmem_b	9	249	0	16	15	16	2662	2678		b
txn_c_121	write	c	gmem_c	121	121	484	1	0	1	2683	2684	txn_a_121,txn_b_121	c
txn_a_122	read	a	gmem_a	112	127	448	1	0	16	2684	2685		a
txn_b_122	read	b	gmem_b	10	250	0	16	15	16	2684	2700		b
txn_c_122	write	c	gmem_c	122	122	488	1	0	1	2705	2706	txn_a_122,txn_b_122	c
txn_a_123	read	a	gmem_a	112	127	448	1	0	16	2706	2707		a
txn_b_123	read	b	gmem_b	11	251	0	16	15	16	2706	2722		b
txn_c_123	write	c	gmem_c	123	123	492	1	0	1	2727	2728	txn_a_123,txn_b_123	c
txn_a_124	read	a	gmem_a	112	127	448	1	0	16	2728	2729		a
txn_b_124	read	b	gmem_b	12	252	0	16	15	16	2728	2744		b
txn_c_124	write	c	gmem_c	124	124	496	1	0	1	2749	2750	txn_a_124,txn_b_124	c
txn_a_125	read	a	gmem_a	112	127	448	1	0	16	2750	2751		a
txn_b_125	read	b	gmem_b	13	253	0	16	15	16	2750	2766		b
txn_c_125	write	c	gmem_c	125	125	500	1	0	1	2771	2772	txn_a_125,txn_b_125	c
txn_a_126	read	a	gmem_a	112	127	448	1	0	16	2772	2773		a
txn_b_126	read	b	gmem_b	14	254	0	16	15	16	2772	2788		b
txn_c_126	write	c	gmem_c	126	126	504	1	0	1	2793	2794	txn_a_126,txn_b_126	c
txn_a_127	read	a	gmem_a	112	127	448	1	0	16	2794	2795		a
txn_b_127	read	b	gmem_b	15	255	0	16	15	16	2794	2810		b
txn_c_127	write	c	gmem_c	127	127	508	1	0	1	2815	2816	txn_a_127,txn_b_127	c
txn_a_128	read	a	gmem_a	128	143	512	1	0	16	2816	2817		a
txn_b_128	read	b	gmem_b	0	240	0	16	15	16	2816	2832		b
txn_c_128	write	c	gmem_c	128	128	512	1	0	1	2837	2838	txn_a_128,txn_b_128	c
txn_a_129	read	a	gmem_a	128	143	512	1	0	16	2838	2839		a
txn_b_129	read	b	gmem_b	1	241	0	16	15	16	2838	2854		b
txn_c_129	write	c	gmem_c	129	129	516	1	0	1	2859	2860	txn_a_129,txn_b_129	c
txn_a_130	read	a	gmem_a	128	143	512	1	0	16	2860	2861		a
txn_b_130	read	b	gmem_b	2	242	0	16	15	16	2860	2876		b
txn_c_130	write	c	gmem_c	130	130	520	1	0	1	2881	2882	txn_a_130,txn_b_130	c
txn_a_131	read	a	gmem_a	128	143	512	1	0	16	2882	2883		a
txn_b_131	read	b	gmem_b	3	243	0	16	15	16	2882	2898		b
txn_c_131	write	c	gmem_c	131	131	524	1	0	1	2903	2904	txn_a_131,txn_b_131	c
txn_a_132	read	a	gmem_a	128	143	512	1	0	16	2904	2905		a
txn_b_132	read	b	gmem_b	4	244	0	16	15	16	2904	2920		b
txn_c_132	write	c	gmem_c	132	132	528	1	0	1	2925	2926	txn_a_132,txn_b_132	c
txn_a_133	read	a	gmem_a	128	143	512	1	0	16	2926	2927		a
txn_b_133	read	b	gmem_b	5	245	0	16	15	16	2926	2942		b
txn_c_133	write	c	gmem_c	133	133	532	1	0	1	2947	2948	txn_a_133,txn_b_133	c
txn_a_134	read	a	gmem_a	128	143	512	1	0	16	2948	2949		a
txn_b_134	read	b	gmem_b	6	246	0	16	15	16	2948	2964		b
txn_c_134	write	c	gmem_c	134	134	536	1	0	1	2969	2970	txn_a_134,txn_b_134	c
txn_a_135	read	a	gmem_a	128	143	512	1	0	16	2970	2971		a
txn_b_135	read	b	gmem_b	7	247	0	16	15	16	2970	2986		b
txn_c_135	write	c	gmem_c	135	135	540	1	0	1	2991	2992	txn_a_135,txn_b_135	c
txn_a_136	read	a	gmem_a	128	143	512	1	0	16	2992	2993		a
txn_b_136	read	b	gmem_b	8	248	0	16	15	16	2992	3008		b
txn_c_136	write	c	gmem_c	136	136	544	1	0	1	3013	3014	txn_a_136,txn_b_136	c
txn_a_137	read	a	gmem_a	128	143	512	1	0	16	3014	3015		a
txn_b_137	read	b	gmem_b	9	249	0	16	15	16	3014	3030		b
txn_c_137	write	c	gmem_c	137	137	548	1	0	1	3035	3036	txn_a_137,txn_b_137	c
txn_a_138	read	a	gmem_a	128	143	512	1	0	16	3036	3037		a
txn_b_138	read	b	gmem_b	10	250	0	16	15	16	3036	3052		b
txn_c_138	write	c	gmem_c	138	138	552	1	0	1	3057	3058	txn_a_138,txn_b_138	c
txn_a_139	read	a	gmem_a	128	143	512	1	0	16	3058	3059		a
txn_b_139	read	b	gmem_b	11	251	0	16	15	16	3058	3074		b
txn_c_139	write	c	gmem_c	139	139	556	1	0	1	3079	3080	txn_a_139,txn_b_139	c
txn_a_140	read	a	gmem_a	128	143	512	1	0	16	3080	3081		a
txn_b_140	read	b	gmem_b	12	252	0	16	15	16	3080	3096		b
txn_c_140	write	c	gmem_c	140	140	560	1	0	1	3101	3102	txn_a_140,txn_b_140	c
txn_a_141	read	a	gmem_a	128	143	512	1	0	16	3102	3103		a
txn_b_141	read	b	gmem_b	13	253	0	16	15	16	3102	3118		b
txn_c_141	write	c	gmem_c	141	141	564	1	0	1	3123	3124	txn_a_141,txn_b_141	c
txn_a_142	read	a	gmem_a	128	143	512	1	0	16	3124	3125		a
txn_b_142	read	b	gmem_b	14	254	0	16	15	16	3124	3140		b
txn_c_142	write	c	gmem_c	142	142	568	1	0	1	3145	3146	txn_a_142,txn_b_142	c
txn_a_143	read	a	gmem_a	128	143	512	1	0	16	3146	3147		a
txn_b_143	read	b	gmem_b	15	255	0	16	15	16	3146	3162		b
txn_c_143	write	c	gmem_c	143	143	572	1	0	1	3167	3168	txn_a_143,txn_b_143	c
txn_a_144	read	a	gmem_a	144	159	576	1	0	16	3168	3169		a
txn_b_144	read	b	gmem_b	0	240	0	16	15	16	3168	3184		b
txn_c_144	write	c	gmem_c	144	144	576	1	0	1	3189	3190	txn_a_144,txn_b_144	c
txn_a_145	read	a	gmem_a	144	159	576	1	0	16	3190	3191		a
txn_b_145	read	b	gmem_b	1	241	0	16	15	16	3190	3206		b
txn_c_145	write	c	gmem_c	145	145	580	1	0	1	3211	3212	txn_a_145,txn_b_145	c
txn_a_146	read	a	gmem_a	144	159	576	1	0	16	3212	3213		a
txn_b_146	read	b	gmem_b	2	242	0	16	15	16	3212	3228		b
txn_c_146	write	c	gmem_c	146	146	584	1	0	1	3233	3234	txn_a_146,txn_b_146	c
txn_a_147	read	a	gmem_a	144	159	576	1	0	16	3234	3235		a
txn_b_147	read	b	gmem_b	3	243	0	16	15	16	3234	3250		b
txn_c_147	write	c	gmem_c	147	147	588	1	0	1	3255	3256	txn_a_147,txn_b_147	c
txn_a_148	read	a	gmem_a	144	159	576	1	0	16	3256	3257		a
txn_b_148	read	b	gmem_b	4	244	0	16	15	16	3256	3272		b
txn_c_148	write	c	gmem_c	148	148	592	1	0	1	3277	3278	txn_a_148,txn_b_148	c
txn_a_149	read	a	gmem_a	144	159	576	1	0	16	3278	3279		a
txn_b_149	read	b	gmem_b	5	245	0	16	15	16	3278	3294		b
txn_c_149	write	c	gmem_c	149	149	596	1	0	1	3299	3300	txn_a_149,txn_b_149	c
txn_a_150	read	a	gmem_a	144	159	576	1	0	16	3300	3301		a
txn_b_150	read	b	gmem_b	6	246	0	16	15	16	3300	3316		b
txn_c_150	write	c	gmem_c	150	150	600	1	0	1	3321	3322	txn_a_150,txn_b_150	c
txn_a_151	read	a	gmem_a	144	159	576	1	0	16	3322	3323		a
txn_b_151	read	b	gmem_b	7	247	0	16	15	16	3322	3338		b
txn_c_151	write	c	gmem_c	151	151	604	1	0	1	3343	3344	txn_a_151,txn_b_151	c
txn_a_152	read	a	gmem_a	144	159	576	1	0	16	3344	3345		a
txn_b_152	read	b	gmem_b	8	248	0	16	15	16	3344	3360		b
txn_c_152	write	c	gmem_c	152	152	608	1	0	1	3365	3366	txn_a_152,txn_b_152	c
txn_a_153	read	a	gmem_a	144	159	576	1	0	16	3366	3367		a
txn_b_153	read	b	gmem_b	9	249	0	16	15	16	3366	3382		b
txn_c_153	write	c	gmem_c	153	153	612	1	0	1	3387	3388	txn_a_153,txn_b_153	c
txn_a_154	read	a	gmem_a	144	159	576	1	0	16	3388	3389		a
txn_b_154	read	b	gmem_b	10	250	0	16	15	16	3388	3404		b
txn_c_154	write	c	gmem_c	154	154	616	1	0	1	3409	3410	txn_a_154,txn_b_154	c
txn_a_155	read	a	gmem_a	144	159	576	1	0	16	3410	3411		a
txn_b_155	read	b	gmem_b	11	251	0	16	15	16	3410	3426		b
txn_c_155	write	c	gmem_c	155	155	620	1	0	1	3431	3432	txn_a_155,txn_b_155	c
txn_a_156	read	a	gmem_a	144	159	576	1	0	16	3432	3433		a
txn_b_156	read	b	gmem_b	12	252	0	16	15	16	3432	3448		b
txn_c_156	write	c	gmem_c	156	156	624	1	0	1	3453	3454	txn_a_156,txn_b_156	c
txn_a_157	read	a	gmem_a	144	159	576	1	0	16	3454	3455		a
txn_b_157	read	b	gmem_b	13	253	0	16	15	16	3454	3470		b
txn_c_157	write	c	gmem_c	157	157	628	1	0	1	3475	3476	txn_a_157,txn_b_157	c
txn_a_158	read	a	gmem_a	144	159	576	1	0	16	3476	3477		a
txn_b_158	read	b	gmem_b	14	254	0	16	15	16	3476	3492		b
txn_c_158	write	c	gmem_c	158	158	632	1	0	1	3497	3498	txn_a_158,txn_b_158	c
txn_a_159	read	a	gmem_a	144	159	576	1	0	16	3498	3499		a
txn_b_159	read	b	gmem_b	15	255	0	16	15	16	3498	3514		b
txn_c_159	write	c	gmem_c	159	159	636	1	0	1	3519	3520	txn_a_159,txn_b_159	c
txn_a_160	read	a	gmem_a	160	175	640	1	0	16	3520	3521		a
txn_b_160	read	b	gmem_b	0	240	0	16	15	16	3520	3536		b
txn_c_160	write	c	gmem_c	160	160	640	1	0	1	3541	3542	txn_a_160,txn_b_160	c
txn_a_161	read	a	gmem_a	160	175	640	1	0	16	3542	3543		a
txn_b_161	read	b	gmem_b	1	241	0	16	15	16	3542	3558		b
txn_c_161	write	c	gmem_c	161	161	644	1	0	1	3563	3564	txn_a_161,txn_b_161	c
txn_a_162	read	a	gmem_a	160	175	640	1	0	16	3564	3565		a
txn_b_162	read	b	gmem_b	2	242	0	16	15	16	3564	3580		b
txn_c_162	write	c	gmem_c	162	162	648	1	0	1	3585	3586	txn_a_162,txn_b_162	c
txn_a_163	read	a	gmem_a	160	175	640	1	0	16	3586	3587		a
txn_b_163	read	b	gmem_b	3	243	0	16	15	16	3586	3602		b
txn_c_163	write	c	gmem_c	163	163	652	1	0	1	3607	3608	txn_a_163,txn_b_163	c
txn_a_164	read	a	gmem_a	160	175	640	1	0	16	3608	3609		a
txn_b_164	read	b	gmem_b	4	244	0	16	15	16	3608	3624		b
txn_c_164	write	c	gmem_c	164	164	656	1	0	1	3629	3630	txn_a_164,txn_b_164	c
txn_a_165	read	a	gmem_a	160	175	640	1	0	16	3630	3631		a
txn_b_165	read	b	gmem_b	5	245	0	16	15	16	3630	3646		b
txn_c_165	write	c	gmem_c	165	165	660	1	0	1	3651	3652	txn_a_165,txn_b_165	c
txn_a_166	read	a	gmem_a	160	175	640	1	0	16	3652	3653		a
txn_b_166	read	b	gmem_b	6	246	0	16	15	16	3652	3668		b
txn_c_166	write	c	gmem_c	166	166	664	1	0	1	3673	3674	txn_a_166,txn_b_166	c
txn_a_167	read	a	gmem_a	160	175	640	1	0	16	3674	3675		a
txn_b_167	read	b	gmem_b	7	247	0	16	15	16	3674	3690		b
txn_c_167	write	c	gmem_c	167	167	668	1	0	1	3695	3696	txn_a_167,txn_b_167	c
txn_a_168	read	a	gmem_a	160	175	640	1	0	16	3696	3697		a
txn_b_168	read	b	gmem_b	8	248	0	16	15	16	3696	3712		b
txn_c_168	write	c	gmem_c	168	168	672	1	0	1	3717	3718	txn_a_168,txn_b_168	c
txn_a_169	read	a	gmem_a	160	175	640	1	0	16	3718	3719		a
txn_b_169	read	b	gmem_b	9	249	0	16	15	16	3718	3734		b
txn_c_169	write	c	gmem_c	169	169	676	1	0	1	3739	3740	txn_a_169,txn_b_169	c
txn_a_170	read	a	gmem_a	160	175	640	1	0	16	3740	3741		a
txn_b_170	read	b	gmem_b	10	250	0	16	15	16	3740	3756		b
txn_c_170	write	c	gmem_c	170	170	680	1	0	1	3761	3762	txn_a_170,txn_b_170	c
txn_a_171	read	a	gmem_a	160	175	640	1	0	16	3762	3763		a
txn_b_171	read	b	gmem_b	11	251	0	16	15	16	3762	3778		b
txn_c_171	write	c	gmem_c	171	171	684	1	0	1	3783	3784	txn_a_171,txn_b_171	c
txn_a_172	read	a	gmem_a	160	175	640	1	0	16	3784	3785		a
txn_b_172	read	b	gmem_b	12	252	0	16	15	16	3784	3800		b
txn_c_172	write	c	gmem_c	172	172	688	1	0	1	3805	3806	txn_a_172,txn_b_172	c
txn_a_173	read	a	gmem_a	160	175	640	1	0	16	3806	3807		a
txn_b_173	read	b	gmem_b	13	253	0	16	15	16	3806	3822		b
txn_c_173	write	c	gmem_c	173	173	692	1	0	1	3827	3828	txn_a_173,txn_b_173	c
txn_a_174	read	a	gmem_a	160	175	640	1	0	16	3828	3829		a
txn_b_174	read	b	gmem_b	14	254	0	16	15	16	3828	3844		b
txn_c_174	write	c	gmem_c	174	174	696	1	0	1	3849	3850	txn_a_174,txn_b_174	c
txn_a_175	read	a	gmem_a	160	175	640	1	0	16	3850	3851		a
txn_b_175	read	b	gmem_b	15	255	0	16	15	16	3850	3866		b
txn_c_175	write	c	gmem_c	175	175	700	1	0	1	3871	3872	txn_a_175,txn_b_175	c
txn_a_176	read	a	gmem_a	176	191	704	1	0	16	3872	3873		a
txn_b_176	read	b	gmem_b	0	240	0	16	15	16	3872	3888		b
txn_c_176	write	c	gmem_c	176	176	704	1	0	1	3893	3894	txn_a_176,txn_b_176	c
txn_a_177	read	a	gmem_a	176	191	704	1	0	16	3894	3895		a
txn_b_177	read	b	gmem_b	1	241	0	16	15	16	3894	3910		b
txn_c_177	write	c	gmem_c	177	177	708	1	0	1	3915	3916	txn_a_177,txn_b_177	c
txn_a_178	read	a	gmem_a	176	191	704	1	0	16	3916	3917		a
txn_b_178	read	b	gmem_b	2	242	0	16	15	16	3916	3932		b
txn_c_178	write	c	gmem_c	178	178	712	1	0	1	3937	3938	txn_a_178,txn_b_178	c
txn_a_179	read	a	gmem_a	176	191	704	1	0	16	3938	3939		a
txn_b_179	read	b	gmem_b	3	243	0	16	15	16	3938	3954		b
txn_c_179	write	c	gmem_c	179	179	716	1	0	1	3959	3960	txn_a_179,txn_b_179	c
txn_a_180	read	a	gmem_a	176	191	704	1	0	16	3960	3961		a
txn_b_180	read	b	gmem_b	4	244	0	16	15	16	3960	3976		b
txn_c_180	write	c	gmem_c	180	180	720	1	0	1	3981	3982	txn_a_180,txn_b_180	c
txn_a_181	read	a	gmem_a	176	191	704	1	0	16	3982	3983		a
txn_b_181	read	b	gmem_b	5	245	0	16	15	16	3982	3998		b
txn_c_181	write	c	gmem_c	181	181	724	1	0	1	4003	4004	txn_a_181,txn_b_181	c
txn_a_182	read	a	gmem_a	176	191	704	1	0	16	4004	4005		a
txn_b_182	read	b	gmem_b	6	246	0	16	15	16	4004	4020		b
txn_c_182	write	c	gmem_c	182	182	728	1	0	1	4025	4026	txn_a_182,txn_b_182	c
txn_a_183	read	a	gmem_a	176	191	704	1	0	16	4026	4027		a
txn_b_183	read	b	gmem_b	7	247	0	16	15	16	4026	4042		b
txn_c_183	write	c	gmem_c	183	183	732	1	0	1	4047	4048	txn_a_183,txn_b_183	c
txn_a_184	read	a	gmem_a	176	191	704	1	0	16	4048	4049		a
txn_b_184	read	b	gmem_b	8	248	0	16	15	16	4048	4064		b
txn_c_184	write	c	gmem_c	184	184	736	1	0	1	4069	4070	txn_a_184,txn_b_184	c
txn_a_185	read	a	gmem_a	176	191	704	1	0	16	4070	4071		a
txn_b_185	read	b	gmem_b	9	249	0	16	15	16	4070	4086		b
txn_c_185	write	c	gmem_c	185	185	740	1	0	1	4091	4092	txn_a_185,txn_b_185	c
txn_a_186	read	a	gmem_a	176	191	704	1	0	16	4092	4093		a
txn_b_186	read	b	gmem_b	10	250	0	16	15	16	4092	4108		b
txn_c_186	write	c	gmem_c	186	186	744	1	0	1	4113	4114	txn_a_186,txn_b_186	c
txn_a_187	read	a	gmem_a	176	191	704	1	0	16	4114	4115		a
txn_b_187	read	b	gmem_b	11	251	0	16	15	16	4114	4130		b
txn_c_187	write	c	gmem_c	187	187	748	1	0	1	4135	4136	txn_a_187,txn_b_187	c
txn_a_188	read	a	gmem_a	176	191	704	1	0	16	4136	4137		a
txn_b_188	read	b	gmem_b	12	252	0	16	15	16	4136	4152		b
txn_c_188	write	c	gmem_c	188	188	752	1	0	1	4157	4158	txn_a_188,txn_b_188	c
txn_a_189	read	a	gmem_a	176	191	704	1	0	16	4158	4159		a
txn_b_189	read	b	gmem_b	13	253	0	16	15	16	4158	4174		b
txn_c_189	write	c	gmem_c	189	189	756	1	0	1	4179	4180	txn_a_189,txn_b_189	c
txn_a_190	read	a	gmem_a	176	191	704	1	0	16	4180	4181		a
txn_b_190	read	b	gmem_b	14	254	0	16	15	16	4180	4196		b
txn_c_190	write	c	gmem_c	190	190	760	1	0	1	4201	4202	txn_a_190,txn_b_190	c
txn_a_191	read	a	gmem_a	176	191	704	1	0	16	4202	4203		a
txn_b_191	read	b	gmem_b	15	255	0	16	15	16	4202	4218		b
txn_c_191	write	c	gmem_c	191	191	764	1	0	1	4223	4224	txn_a_191,txn_b_191	c
txn_a_192	read	a	gmem_a	192	207	768	1	0	16	4224	4225		a
txn_b_192	read	b	gmem_b	0	240	0	16	15	16	4224	4240		b
txn_c_192	write	c	gmem_c	192	192	768	1	0	1	4245	4246	txn_a_192,txn_b_192	c
txn_a_193	read	a	gmem_a	192	207	768	1	0	16	4246	4247		a
txn_b_193	read	b	gmem_b	1	241	0	16	15	16	4246	4262		b
txn_c_193	write	c	gmem_c	193	193	772	1	0	1	4267	4268	txn_a_193,txn_b_193	c
txn_a_194	read	a	gmem_a	192	207	768	1	0	16	4268	4269		a
txn_b_194	read	b	gmem_b	2	242	0	16	15	16	4268	4284		b
txn_c_194	write	c	gmem_c	194	194	776	1	0	1	4289	4290	txn_a_194,txn_b_194	c
txn_a_195	read	a	gmem_a	192	207	768	1	0	16	4290	4291		a
txn_b_195	read	b	gmem_b	3	243	0	16	15	16	4290	4306		b
txn_c_195	write	c	gmem_c	195	195	780	1	0	1	4311	4312	txn_a_195,txn_b_195	c
txn_a_196	read	a	gmem_a	192	207	768	1	0	16	4312	4313		a
txn_b_196	read	b	gmem_b	4	244	0	16	15	16	4312	4328		b
txn_c_196	write	c	gmem_c	196	196	784	1	0	1	4333	4334	txn_a_196,txn_b_196	c
txn_a_197	read	a	gmem_a	192	207	768	1	0	16	4334	4335		a
txn_b_197	read	b	gmem_b	5	245	0	16	15	16	4334	4350		b
txn_c_197	write	c	gmem_c	197	197	788	1	0	1	4355	4356	txn_a_197,txn_b_197	c
txn_a_198	read	a	gmem_a	192	207	768	1	0	16	4356	4357		a
txn_b_198	read	b	gmem_b	6	246	0	16	15	16	4356	4372		b
txn_c_198	write	c	gmem_c	198	198	792	1	0	1	4377	4378	txn_a_198,txn_b_198	c
txn_a_199	read	a	gmem_a	192	207	768	1	0	16	4378	4379		a
txn_b_199	read	b	gmem_b	7	247	0	16	15	16	4378	4394		b
txn_c_199	write	c	gmem_c	199	199	796	1	0	1	4399	4400	txn_a_199,txn_b_199	c
txn_a_200	read	a	gmem_a	192	207	768	1	0	16	4400	4401		a
txn_b_200	read	b	gmem_b	8	248	0	16	15	16	4400	4416		b
txn_c_200	write	c	gmem_c	200	200	800	1	0	1	4421	4422	txn_a_200,txn_b_200	c
txn_a_201	read	a	gmem_a	192	207	768	1	0	16	4422	4423		a
txn_b_201	read	b	gmem_b	9	249	0	16	15	16	4422	4438		b
txn_c_201	write	c	gmem_c	201	201	804	1	0	1	4443	4444	txn_a_201,txn_b_201	c
txn_a_202	read	a	gmem_a	192	207	768	1	0	16	4444	4445		a
txn_b_202	read	b	gmem_b	10	250	0	16	15	16	4444	4460		b
txn_c_202	write	c	gmem_c	202	202	808	1	0	1	4465	4466	txn_a_202,txn_b_202	c
txn_a_203	read	a	gmem_a	192	207	768	1	0	16	4466	4467		a
txn_b_203	read	b	gmem_b	11	251	0	16	15	16	4466	4482		b
txn_c_203	write	c	gmem_c	203	203	812	1	0	1	4487	4488	txn_a_203,txn_b_203	c
txn_a_204	read	a	gmem_a	192	207	768	1	0	16	4488	4489		a
txn_b_204	read	b	gmem_b	12	252	0	16	15	16	4488	4504		b
txn_c_204	write	c	gmem_c	204	204	816	1	0	1	4509	4510	txn_a_204,txn_b_204	c
txn_a_205	read	a	gmem_a	192	207	768	1	0	16	4510	4511		a
txn_b_205	read	b	gmem_b	13	253	0	16	15	16	4510	4526		b
txn_c_205	write	c	gmem_c	205	205	820	1	0	1	4531	4532	txn_a_205,txn_b_205	c
txn_a_206	read	a	gmem_a	192	207	768	1	0	16	4532	4533		a
txn_b_206	read	b	gmem_b	14	254	0	16	15	16	4532	4548		b
txn_c_206	write	c	gmem_c	206	206	824	1	0	1	4553	4554	txn_a_206,txn_b_206	c
txn_a_207	read	a	gmem_a	192	207	768	1	0	16	4554	4555		a
txn_b_207	read	b	gmem_b	15	255	0	16	15	16	4554	4570		b
txn_c_207	write	c	gmem_c	207	207	828	1	0	1	4575	4576	txn_a_207,txn_b_207	c
txn_a_208	read	a	gmem_a	208	223	832	1	0	16	4576	4577		a
txn_b_208	read	b	gmem_b	0	240	0	16	15	16	4576	4592		b
txn_c_208	write	c	gmem_c	208	208	832	1	0	1	4597	4598	txn_a_208,txn_b_208	c
txn_a_209	read	a	gmem_a	208	223	832	1	0	16	4598	4599		a
txn_b_209	read	b	gmem_b	1	241	0	16	15	16	4598	4614		b
txn_c_209	write	c	gmem_c	209	209	836	1	0	1	4619	4620	txn_a_209,txn_b_209	c
txn_a_210	read	a	gmem_a	208	223	832	1	0	16	4620	4621		a
txn_b_210	read	b	gmem_b	2	242	0	16	15	16	4620	4636		b
txn_c_210	write	c	gmem_c	210	210	840	1	0	1	4641	4642	txn_a_210,txn_b_210	c
txn_a_211	read	a	gmem_a	208	223	832	1	0	16	4642	4643		a
txn_b_211	read	b	gmem_b	3	243	0	16	15	16	4642	4658		b
txn_c_211	write	c	gmem_c	211	211	844	1	0	1	4663	4664	txn_a_211,txn_b_211	c
txn_a_212	read	a	gmem_a	208	223	832	1	0	16	4664	4665		a
txn_b_212	read	b	gmem_b	4	244	0	16	15	16	4664	4680		b
txn_c_212	write	c	gmem_c	212	212	848	1	0	1	4685	4686	txn_a_212,txn_b_212	c
txn_a_213	read	a	gmem_a	208	223	832	1	0	16	4686	4687		a
txn_b_213	read	b	gmem_b	5	245	0	16	15	16	4686	4702		b
txn_c_213	write	c	gmem_c	213	213	852	1	0	1	4707	4708	txn_a_213,txn_b_213	c
txn_a_214	read	a	gmem_a	208	223	832	1	0	16	4708	4709		a
txn_b_214	read	b	gmem_b	6	246	0	16	15	16	4708	4724		b
txn_c_214	write	c	gmem_c	214	214	856	1	0	1	4729	4730	txn_a_214,txn_b_214	c
txn_a_215	read	a	gmem_a	208	223	832	1	0	16	4730	4731		a
txn_b_215	read	b	gmem_b	7	247	0	16	15	16	4730	4746		b
txn_c_215	write	c	gmem_c	215	215	860	1	0	1	4751	4752	txn_a_215,txn_b_215	c
txn_a_216	read	a	gmem_a	208	223	832	1	0	16	4752	4753		a
txn_b_216	read	b	gmem_b	8	248	0	16	15	16	4752	4768		b
txn_c_216	write	c	gmem_c	216	216	864	1	0	1	4773	4774	txn_a_216,txn_b_216	c
txn_a_217	read	a	gmem_a	208	223	832	1	0	16	4774	4775		a
txn_b_217	read	b	gmem_b	9	249	0	16	15	16	4774	4790		b
txn_c_217	write	c	gmem_c	217	217	868	1	0	1	4795	4796	txn_a_217,txn_b_217	c
txn_a_218	read	a	gmem_a	208	223	832	1	0	16	4796	4797		a
txn_b_218	read	b	gmem_b	10	250	0	16	15	16	4796	4812		b
txn_c_218	write	c	gmem_c	218	218	872	1	0	1	4817	4818	txn_a_218,txn_b_218	c
txn_a_219	read	a	gmem_a	208	223	832	1	0	16	4818	4819		a
txn_b_219	read	b	gmem_b	11	251	0	16	15	16	4818	4834		b
txn_c_219	write	c	gmem_c	219	219	876	1	0	1	4839	4840	txn_a_219,txn_b_219	c
txn_a_220	read	a	gmem_a	208	223	832	1	0	16	4840	4841		a
txn_b_220	read	b	gmem_b	12	252	0	16	15	16	4840	4856		b
txn_c_220	write	c	gmem_c	220	220	880	1	0	1	4861	4862	txn_a_220,txn_b_220	c
txn_a_221	read	a	gmem_a	208	223	832	1	0	16	4862	4863		a
txn_b_221	read	b	gmem_b	13	253	0	16	15	16	4862	4878		b
txn_c_221	write	c	gmem_c	221	221	884	1	0	1	4883	4884	txn_a_221,txn_b_221	c
txn_a_222	read	a	gmem_a	208	223	832	1	0	16	4884	4885		a
txn_b_222	read	b	gmem_b	14	254	0	16	15	16	4884	4900		b
txn_c_222	write	c	gmem_c	222	222	888	1	0	1	4905	4906	txn_a_222,txn_b_222	c
txn_a_223	read	a	gmem_a	208	223	832	1	0	16	4906	4907		a
txn_b_223	read	b	gmem_b	15	255	0	16	15	16	4906	4922		b
txn_c_223	write	c	gmem_c	223	223	892	1	0	1	4927	4928	txn_a_223,txn_b_223	c
txn_a_224	read	a	gmem_a	224	239	896	1	0	16	4928	4929		a
txn_b_224	read	b	gmem_b	0	240	0	16	15	16	4928	4944		b
txn_c_224	write	c	gmem_c	224	224	896	1	0	1	4949	4950	txn_a_224,txn_b_224	c
txn_a_225	read	a	gmem_a	224	239	896	1	0	16	4950	4951		a
txn_b_225	read	b	gmem_b	1	241	0	16	15	16	4950	4966		b
txn_c_225	write	c	gmem_c	225	225	900	1	0	1	4971	4972	txn_a_225,txn_b_225	c
txn_a_226	read	a	gmem_a	224	239	896	1	0	16	4972	4973		a
txn_b_226	read	b	gmem_b	2	242	0	16	15	16	4972	4988		b
txn_c_226	write	c	gmem_c	226	226	904	1	0	1	4993	4994	txn_a_226,txn_b_226	c
txn_a_227	read	a	gmem_a	224	239	896	1	0	16	4994	4995		a
txn_b_227	read	b	gmem_b	3	243	0	16	15	16	4994	5010		b
txn_c_227	write	c	gmem_c	227	227	908	1	0	1	5015	5016	txn_a_227,txn_b_227	c
txn_a_228	read	a	gmem_a	224	239	896	1	0	16	5016	5017		a
txn_b_228	read	b	gmem_b	4	244	0	16	15	16	5016	5032		b
txn_c_228	write	c	gmem_c	228	228	912	1	0	1	5037	5038	txn_a_228,txn_b_228	c
txn_a_229	read	a	gmem_a	224	239	896	1	0	16	5038	5039		a
txn_b_229	read	b	gmem_b	5	245	0	16	15	16	5038	5054		b
txn_c_229	write	c	gmem_c	229	229	916	1	0	1	5059	5060	txn_a_229,txn_b_229	c
txn_a_230	read	a	gmem_a	224	239	896	1	0	16	5060	5061		a
txn_b_230	read	b	gmem_b	6	246	0	16	15	16	5060	5076		b
txn_c_230	write	c	gmem_c	230	230	920	1	0	1	5081	5082	txn_a_230,txn_b_230	c
txn_a_231	read	a	gmem_a	224	239	896	1	0	16	5082	5083		a
txn_b_231	read	b	gmem_b	7	247	0	16	15	16	5082	5098		b
txn_c_231	write	c	gmem_c	231	231	924	1	0	1	5103	5104	txn_a_231,txn_b_231	c
txn_a_232	read	a	gmem_a	224	239	896	1	0	16	5104	5105		a
txn_b_232	read	b	gmem_b	8	248	0	16	15	16	5104	5120		b
txn_c_232	write	c	gmem_c	232	232	928	1	0	1	5125	5126	txn_a_232,txn_b_232	c
txn_a_233	read	a	gmem_a	224	239	896	1	0	16	5126	5127		a
txn_b_233	read	b	gmem_b	9	249	0	16	15	16	5126	5142		b
txn_c_233	write	c	gmem_c	233	233	932	1	0	1	5147	5148	txn_a_233,txn_b_233	c
txn_a_234	read	a	gmem_a	224	239	896	1	0	16	5148	5149		a
txn_b_234	read	b	gmem_b	10	250	0	16	15	16	5148	5164		b
txn_c_234	write	c	gmem_c	234	234	936	1	0	1	5169	5170	txn_a_234,txn_b_234	c
txn_a_235	read	a	gmem_a	224	239	896	1	0	16	5170	5171		a
txn_b_235	read	b	gmem_b	11	251	0	16	15	16	5170	5186		b
txn_c_235	write	c	gmem_c	235	235	940	1	0	1	5191	5192	txn_a_235,txn_b_235	c
txn_a_236	read	a	gmem_a	224	239	896	1	0	16	5192	5193		a
txn_b_236	read	b	gmem_b	12	252	0	16	15	16	5192	5208		b
txn_c_236	write	c	gmem_c	236	236	944	1	0	1	5213	5214	txn_a_236,txn_b_236	c
txn_a_237	read	a	gmem_a	224	239	896	1	0	16	5214	5215		a
txn_b_237	read	b	gmem_b	13	253	0	16	15	16	5214	5230		b
txn_c_237	write	c	gmem_c	237	237	948	1	0	1	5235	5236	txn_a_237,txn_b_237	c
txn_a_238	read	a	gmem_a	224	239	896	1	0	16	5236	5237		a
txn_b_238	read	b	gmem_b	14	254	0	16	15	16	5236	5252		b
txn_c_238	write	c	gmem_c	238	238	952	1	0	1	5257	5258	txn_a_238,txn_b_238	c
txn_a_239	read	a	gmem_a	224	239	896	1	0	16	5258	5259		a
txn_b_239	read	b	gmem_b	15	255	0	16	15	16	5258	5274		b
txn_c_239	write	c	gmem_c	239	239	956	1	0	1	5279	5280	txn_a_239,txn_b_239	c
txn_a_240	read	a	gmem_a	240	255	960	1	0	16	5280	5281		a
txn_b_240	read	b	gmem_b	0	240	0	16	15	16	5280	5296		b
txn_c_240	write	c	gmem_c	240	240	960	1	0	1	5301	5302	txn_a_240,txn_b_240	c
txn_a_241	read	a	gmem_a	240	255	960	1	0	16	5302	5303		a
txn_b_241	read	b	gmem_b	1	241	0	16	15	16	5302	5318		b
txn_c_241	write	c	gmem_c	241	241	964	1	0	1	5323	5324	txn_a_241,txn_b_241	c
txn_a_242	read	a	gmem_a	240	255	960	1	0	16	5324	5325		a
txn_b_242	read	b	gmem_b	2	242	0	16	15	16	5324	5340		b
txn_c_242	write	c	gmem_c	242	242	968	1	0	1	5345	5346	txn_a_242,txn_b_242	c
txn_a_243	read	a	gmem_a	240	255	960	1	0	16	5346	5347		a
txn_b_243	read	b	gmem_b	3	243	0	16	15	16	5346	5362		b
txn_c_243	write	c	gmem_c	243	243	972	1	0	1	5367	5368	txn_a_243,txn_b_243	c
txn_a_244	read	a	gmem_a	240	255	960	1	0	16	5368	5369		a
txn_b_244	read	b	gmem_b	4	244	0	16	15	16	5368	5384		b
txn_c_244	write	c	gmem_c	244	244	976	1	0	1	5389	5390	txn_a_244,txn_b_244	c
txn_a_245	read	a	gmem_a	240	255	960	1	0	16	5390	5391		a
txn_b_245	read	b	gmem_b	5	245	0	16	15	16	5390	5406		b
txn_c_245	write	c	gmem_c	245	245	980	1	0	1	5411	5412	txn_a_245,txn_b_245	c
txn_a_246	read	a	gmem_a	240	255	960	1	0	16	5412	5413		a
txn_b_246	read	b	gmem_b	6	246	0	16	15	16	5412	5428		b
txn_c_246	write	c	gmem_c	246	246	984	1	0	1	5433	5434	txn_a_246,txn_b_246	c
txn_a_247	read	a	gmem_a	240	255	960	1	0	16	5434	5435		a
txn_b_247	read	b	gmem_b	7	247	0	16	15	16	5434	5450		b
txn_c_247	write	c	gmem_c	247	247	988	1	0	1	5455	5456	txn_a_247,txn_b_247	c
txn_a_248	read	a	gmem_a	240	255	960	1	0	16	5456	5457		a
txn_b_248	read	b	gmem_b	8	248	0	16	15	16	5456	5472		b
txn_c_248	write	c	gmem_c	248	248	992	1	0	1	5477	5478	txn_a_248,txn_b_248	c
txn_a_249	read	a	gmem_a	240	255	960	1	0	16	5478	5479		a
txn_b_249	read	b	gmem_b	9	249	0	16	15	16	5478	5494		b
txn_c_249	write	c	gmem_c	249	249	996	1	0	1	5499	5500	txn_a_249,txn_b_249	c
txn_a_250	read	a	gmem_a	240	255	960	1	0	16	5500	5501		a
txn_b_250	read	b	gmem_b	10	250	0	16	15	16	5500	5516		b
txn_c_250	write	c	gmem_c	250	250	1000	1	0	1	5521	5522	txn_a_250,txn_b_250	c
txn_a_251	read	a	gmem_a	240	255	960	1	0	16	5522	5523		a
txn_b_251	read	b	gmem_b	11	251	0	16	15	16	5522	5538		b
txn_c_251	write	c	gmem_c	251	251	1004	1	0	1	5543	5544	txn_a_251,txn_b_251	c
txn_a_252	read	a	gmem_a	240	255	960	1	0	16	5544	5545		a
txn_b_252	read	b	gmem_b	12	252	0	16	15	16	5544	5560		b
txn_c_252	write	c	gmem_c	252	252	1008	1	0	1	5565	5566	txn_a_252,txn_b_252	c
txn_a_253	read	a	gmem_a	240	255	960	1	0	16	5566	5567		a
txn_b_253	read	b	gmem_b	13	253	0	16	15	16	5566	5582		b
txn_c_253	write	c	gmem_c	253	253	1012	1	0	1	5587	5588	txn_a_253,txn_b_253	c
txn_a_254	read	a	gmem_a	240	255	960	1	0	16	5588	5589		a
txn_b_254	read	b	gmem_b	14	254	0	16	15	16	5588	5604		b
txn_c_254	write	c	gmem_c	254	254	1016	1	0	1	5609	5610	txn_a_254,txn_b_254	c
txn_a_255	read	a	gmem_a	240	255	960	1	0	16	5610	5611		a
txn_b_255	read	b	gmem_b	15	255	0	16	15	16	5610	5626		b
txn_c_255	write	c	gmem_c	255	255	1020	1	0	1	5631	5632	txn_a_255,txn_b_255	c
