arg_read	_Z14merge_sort_hlsPKiPi	0	in	0	0	4
arg_read	_Z14merge_sort_hlsPKiPi	0	in	0	4	4
arg_read	_Z14merge_sort_hlsPKiPi	0	in	0	8	4
arg_read	_Z14merge_sort_hlsPKiPi	0	in	0	12	4
arg_read	_Z14merge_sort_hlsPKiPi	0	in	0	16	4
arg_read	_Z14merge_sort_hlsPKiPi	0	in	0	20	4
arg_read	_Z14merge_sort_hlsPKiPi	0	in	0	24	4
arg_read	_Z14merge_sort_hlsPKiPi	0	in	0	28	4
arg_read	_Z14merge_sort_hlsPKiPi	0	in	0	32	4
arg_read	_Z14merge_sort_hlsPKiPi	0	in	0	36	4
arg_read	_Z14merge_sort_hlsPKiPi	0	in	0	40	4
arg_read	_Z14merge_sort_hlsPKiPi	0	in	0	44	4
arg_read	_Z14merge_sort_hlsPKiPi	0	in	0	48	4
arg_read	_Z14merge_sort_hlsPKiPi	0	in	0	52	4
arg_read	_Z14merge_sort_hlsPKiPi	0	in	0	56	4
arg_read	_Z14merge_sort_hlsPKiPi	0	in	0	60	4
arg_read	_Z14merge_sort_hlsPKiPi	0	in	0	64	4
arg_read	_Z14merge_sort_hlsPKiPi	0	in	0	68	4
arg_read	_Z14merge_sort_hlsPKiPi	0	in	0	72	4
arg_read	_Z14merge_sort_hlsPKiPi	0	in	0	76	4
arg_read	_Z14merge_sort_hlsPKiPi	0	in	0	80	4
arg_read	_Z14merge_sort_hlsPKiPi	0	in	0	84	4
arg_read	_Z14merge_sort_hlsPKiPi	0	in	0	88	4
arg_read	_Z14merge_sort_hlsPKiPi	0	in	0	92	4
arg_read	_Z14merge_sort_hlsPKiPi	0	in	0	96	4
arg_read	_Z14merge_sort_hlsPKiPi	0	in	0	100	4
arg_read	_Z14merge_sort_hlsPKiPi	0	in	0	104	4
arg_read	_Z14merge_sort_hlsPKiPi	0	in	0	108	4
arg_read	_Z14merge_sort_hlsPKiPi	0	in	0	112	4
arg_read	_Z14merge_sort_hlsPKiPi	0	in	0	116	4
arg_read	_Z14merge_sort_hlsPKiPi	0	in	0	120	4
arg_read	_Z14merge_sort_hlsPKiPi	0	in	0	124	4
arg_read	_Z14merge_sort_hlsPKiPi	0	in	0	128	4
arg_read	_Z14merge_sort_hlsPKiPi	0	in	0	132	4
arg_read	_Z14merge_sort_hlsPKiPi	0	in	0	136	4
arg_read	_Z14merge_sort_hlsPKiPi	0	in	0	140	4
arg_read	_Z14merge_sort_hlsPKiPi	0	in	0	144	4
arg_read	_Z14merge_sort_hlsPKiPi	0	in	0	148	4
arg_read	_Z14merge_sort_hlsPKiPi	0	in	0	152	4
arg_read	_Z14merge_sort_hlsPKiPi	0	in	0	156	4
arg_read	_Z14merge_sort_hlsPKiPi	0	in	0	160	4
arg_read	_Z14merge_sort_hlsPKiPi	0	in	0	164	4
arg_read	_Z14merge_sort_hlsPKiPi	0	in	0	168	4
arg_read	_Z14merge_sort_hlsPKiPi	0	in	0	172	4
arg_read	_Z14merge_sort_hlsPKiPi	0	in	0	176	4
arg_read	_Z14merge_sort_hlsPKiPi	0	in	0	180	4
arg_read	_Z14merge_sort_hlsPKiPi	0	in	0	184	4
arg_read	_Z14merge_sort_hlsPKiPi	0	in	0	188	4
arg_read	_Z14merge_sort_hlsPKiPi	0	in	0	192	4
arg_read	_Z14merge_sort_hlsPKiPi	0	in	0	196	4
arg_read	_Z14merge_sort_hlsPKiPi	0	in	0	200	4
arg_read	_Z14merge_sort_hlsPKiPi	0	in	0	204	4
arg_read	_Z14merge_sort_hlsPKiPi	0	in	0	208	4
arg_read	_Z14merge_sort_hlsPKiPi	0	in	0	212	4
arg_read	_Z14merge_sort_hlsPKiPi	0	in	0	216	4
arg_read	_Z14merge_sort_hlsPKiPi	0	in	0	220	4
arg_read	_Z14merge_sort_hlsPKiPi	0	in	0	224	4
arg_read	_Z14merge_sort_hlsPKiPi	0	in	0	228	4
arg_read	_Z14merge_sort_hlsPKiPi	0	in	0	232	4
arg_read	_Z14merge_sort_hlsPKiPi	0	in	0	236	4
arg_read	_Z14merge_sort_hlsPKiPi	0	in	0	240	4
arg_read	_Z14merge_sort_hlsPKiPi	0	in	0	244	4
arg_read	_Z14merge_sort_hlsPKiPi	0	in	0	248	4
arg_read	_Z14merge_sort_hlsPKiPi	0	in	0	252	4
arg_write	_Z14merge_sort_hlsPKiPi	1	out	1	0	4
arg_write	_Z14merge_sort_hlsPKiPi	1	out	1	4	4
arg_write	_Z14merge_sort_hlsPKiPi	1	out	1	8	4
arg_write	_Z14merge_sort_hlsPKiPi	1	out	1	12	4
arg_write	_Z14merge_sort_hlsPKiPi	1	out	1	16	4
arg_write	_Z14merge_sort_hlsPKiPi	1	out	1	20	4
arg_write	_Z14merge_sort_hlsPKiPi	1	out	1	24	4
arg_write	_Z14merge_sort_hlsPKiPi	1	out	1	28	4
arg_write	_Z14merge_sort_hlsPKiPi	1	out	1	32	4
arg_write	_Z14merge_sort_hlsPKiPi	1	out	1	36	4
arg_write	_Z14merge_sort_hlsPKiPi	1	out	1	40	4
arg_write	_Z14merge_sort_hlsPKiPi	1	out	1	44	4
arg_write	_Z14merge_sort_hlsPKiPi	1	out	1	48	4
arg_write	_Z14merge_sort_hlsPKiPi	1	out	1	52	4
arg_write	_Z14merge_sort_hlsPKiPi	1	out	1	56	4
arg_write	_Z14merge_sort_hlsPKiPi	1	out	1	60	4
arg_write	_Z14merge_sort_hlsPKiPi	1	out	1	64	4
arg_write	_Z14merge_sort_hlsPKiPi	1	out	1	68	4
arg_write	_Z14merge_sort_hlsPKiPi	1	out	1	72	4
arg_write	_Z14merge_sort_hlsPKiPi	1	out	1	76	4
arg_write	_Z14merge_sort_hlsPKiPi	1	out	1	80	4
arg_write	_Z14merge_sort_hlsPKiPi	1	out	1	84	4
arg_write	_Z14merge_sort_hlsPKiPi	1	out	1	88	4
arg_write	_Z14merge_sort_hlsPKiPi	1	out	1	92	4
arg_write	_Z14merge_sort_hlsPKiPi	1	out	1	96	4
arg_write	_Z14merge_sort_hlsPKiPi	1	out	1	100	4
arg_write	_Z14merge_sort_hlsPKiPi	1	out	1	104	4
arg_write	_Z14merge_sort_hlsPKiPi	1	out	1	108	4
arg_write	_Z14merge_sort_hlsPKiPi	1	out	1	112	4
arg_write	_Z14merge_sort_hlsPKiPi	1	out	1	116	4
arg_write	_Z14merge_sort_hlsPKiPi	1	out	1	120	4
arg_write	_Z14merge_sort_hlsPKiPi	1	out	1	124	4
arg_write	_Z14merge_sort_hlsPKiPi	1	out	1	128	4
arg_write	_Z14merge_sort_hlsPKiPi	1	out	1	132	4
arg_write	_Z14merge_sort_hlsPKiPi	1	out	1	136	4
arg_write	_Z14merge_sort_hlsPKiPi	1	out	1	140	4
arg_write	_Z14merge_sort_hlsPKiPi	1	out	1	144	4
arg_write	_Z14merge_sort_hlsPKiPi	1	out	1	148	4
arg_write	_Z14merge_sort_hlsPKiPi	1	out	1	152	4
arg_write	_Z14merge_sort_hlsPKiPi	1	out	1	156	4
arg_write	_Z14merge_sort_hlsPKiPi	1	out	1	160	4
arg_write	_Z14merge_sort_hlsPKiPi	1	out	1	164	4
arg_write	_Z14merge_sort_hlsPKiPi	1	out	1	168	4
arg_write	_Z14merge_sort_hlsPKiPi	1	out	1	172	4
arg_write	_Z14merge_sort_hlsPKiPi	1	out	1	176	4
arg_write	_Z14merge_sort_hlsPKiPi	1	out	1	180	4
arg_write	_Z14merge_sort_hlsPKiPi	1	out	1	184	4
arg_write	_Z14merge_sort_hlsPKiPi	1	out	1	188	4
arg_write	_Z14merge_sort_hlsPKiPi	1	out	1	192	4
arg_write	_Z14merge_sort_hlsPKiPi	1	out	1	196	4
arg_write	_Z14merge_sort_hlsPKiPi	1	out	1	200	4
arg_write	_Z14merge_sort_hlsPKiPi	1	out	1	204	4
arg_write	_Z14merge_sort_hlsPKiPi	1	out	1	208	4
arg_write	_Z14merge_sort_hlsPKiPi	1	out	1	212	4
arg_write	_Z14merge_sort_hlsPKiPi	1	out	1	216	4
arg_write	_Z14merge_sort_hlsPKiPi	1	out	1	220	4
arg_write	_Z14merge_sort_hlsPKiPi	1	out	1	224	4
arg_write	_Z14merge_sort_hlsPKiPi	1	out	1	228	4
arg_write	_Z14merge_sort_hlsPKiPi	1	out	1	232	4
arg_write	_Z14merge_sort_hlsPKiPi	1	out	1	236	4
arg_write	_Z14merge_sort_hlsPKiPi	1	out	1	240	4
arg_write	_Z14merge_sort_hlsPKiPi	1	out	1	244	4
arg_write	_Z14merge_sort_hlsPKiPi	1	out	1	248	4
arg_write	_Z14merge_sort_hlsPKiPi	1	out	1	252	4
