arg_read	_Z22merge_sort_offchip_hlsPKiPiS1_S1_	0	in	0	0	4
arg_write	_Z22merge_sort_offchip_hlsPKiPiS1_S1_	1	scratch_a	1	0	4
arg_read	_Z22merge_sort_offchip_hlsPKiPiS1_S1_	0	in	0	4	4
arg_write	_Z22merge_sort_offchip_hlsPKiPiS1_S1_	1	scratch_a	1	4	4
arg_read	_Z22merge_sort_offchip_hlsPKiPiS1_S1_	0	in	0	8	4
arg_write	_Z22merge_sort_offchip_hlsPKiPiS1_S1_	1	scratch_a	1	8	4
arg_read	_Z22merge_sort_offchip_hlsPKiPiS1_S1_	0	in	0	12	4
arg_write	_Z22merge_sort_offchip_hlsPKiPiS1_S1_	1	scratch_a	1	12	4
arg_read	_Z22merge_sort_offchip_hlsPKiPiS1_S1_	0	in	0	16	4
arg_write	_Z22merge_sort_offchip_hlsPKiPiS1_S1_	1	scratch_a	1	16	4
arg_read	_Z22merge_sort_offchip_hlsPKiPiS1_S1_	0	in	0	20	4
arg_write	_Z22merge_sort_offchip_hlsPKiPiS1_S1_	1	scratch_a	1	20	4
arg_read	_Z22merge_sort_offchip_hlsPKiPiS1_S1_	0	in	0	24	4
arg_write	_Z22merge_sort_offchip_hlsPKiPiS1_S1_	1	scratch_a	1	24	4
arg_read	_Z22merge_sort_offchip_hlsPKiPiS1_S1_	0	in	0	28	4
arg_write	_Z22merge_sort_offchip_hlsPKiPiS1_S1_	1	scratch_a	1	28	4
arg_read	_Z22merge_sort_offchip_hlsPKiPiS1_S1_	0	in	0	32	4
arg_write	_Z22merge_sort_offchip_hlsPKiPiS1_S1_	1	scratch_a	1	32	4
arg_read	_Z22merge_sort_offchip_hlsPKiPiS1_S1_	0	in	0	36	4
arg_write	_Z22merge_sort_offchip_hlsPKiPiS1_S1_	1	scratch_a	1	36	4
arg_read	_Z22merge_sort_offchip_hlsPKiPiS1_S1_	0	in	0	40	4
arg_write	_Z22merge_sort_offchip_hlsPKiPiS1_S1_	1	scratch_a	1	40	4
arg_read	_Z22merge_sort_offchip_hlsPKiPiS1_S1_	0	in	0	44	4
arg_write	_Z22merge_sort_offchip_hlsPKiPiS1_S1_	1	scratch_a	1	44	4
arg_read	_Z22merge_sort_offchip_hlsPKiPiS1_S1_	0	in	0	48	4
arg_write	_Z22merge_sort_offchip_hlsPKiPiS1_S1_	1	scratch_a	1	48	4
arg_read	_Z22merge_sort_offchip_hlsPKiPiS1_S1_	0	in	0	52	4
arg_write	_Z22merge_sort_offchip_hlsPKiPiS1_S1_	1	scratch_a	1	52	4
arg_read	_Z22merge_sort_offchip_hlsPKiPiS1_S1_	0	in	0	56	4
arg_write	_Z22merge_sort_offchip_hlsPKiPiS1_S1_	1	scratch_a	1	56	4
arg_read	_Z22merge_sort_offchip_hlsPKiPiS1_S1_	0	in	0	60	4
arg_write	_Z22merge_sort_offchip_hlsPKiPiS1_S1_	1	scratch_a	1	60	4
arg_read	_Z22merge_sort_offchip_hlsPKiPiS1_S1_	0	in	0	64	4
arg_write	_Z22merge_sort_offchip_hlsPKiPiS1_S1_	1	scratch_a	1	64	4
arg_read	_Z22merge_sort_offchip_hlsPKiPiS1_S1_	0	in	0	68	4
arg_write	_Z22merge_sort_offchip_hlsPKiPiS1_S1_	1	scratch_a	1	68	4
arg_read	_Z22merge_sort_offchip_hlsPKiPiS1_S1_	0	in	0	72	4
arg_write	_Z22merge_sort_offchip_hlsPKiPiS1_S1_	1	scratch_a	1	72	4
arg_read	_Z22merge_sort_offchip_hlsPKiPiS1_S1_	0	in	0	76	4
arg_write	_Z22merge_sort_offchip_hlsPKiPiS1_S1_	1	scratch_a	1	76	4
arg_read	_Z22merge_sort_offchip_hlsPKiPiS1_S1_	0	in	0	80	4
arg_write	_Z22merge_sort_offchip_hlsPKiPiS1_S1_	1	scratch_a	1	80	4
arg_read	_Z22merge_sort_offchip_hlsPKiPiS1_S1_	0	in	0	84	4
arg_write	_Z22merge_sort_offchip_hlsPKiPiS1_S1_	1	scratch_a	1	84	4
arg_read	_Z22merge_sort_offchip_hlsPKiPiS1_S1_	0	in	0	88	4
arg_write	_Z22merge_sort_offchip_hlsPKiPiS1_S1_	1	scratch_a	1	88	4
arg_read	_Z22merge_sort_offchip_hlsPKiPiS1_S1_	0	in	0	92	4
arg_write	_Z22merge_sort_offchip_hlsPKiPiS1_S1_	1	scratch_a	1	92	4
arg_read	_Z22merge_sort_offchip_hlsPKiPiS1_S1_	0	in	0	96	4
arg_write	_Z22merge_sort_offchip_hlsPKiPiS1_S1_	1	scratch_a	1	96	4
arg_read	_Z22merge_sort_offchip_hlsPKiPiS1_S1_	0	in	0	100	4
arg_write	_Z22merge_sort_offchip_hlsPKiPiS1_S1_	1	scratch_a	1	100	4
arg_read	_Z22merge_sort_offchip_hlsPKiPiS1_S1_	0	in	0	104	4
arg_write	_Z22merge_sort_offchip_hlsPKiPiS1_S1_	1	scratch_a	1	104	4
arg_read	_Z22merge_sort_offchip_hlsPKiPiS1_S1_	0	in	0	108	4
arg_write	_Z22merge_sort_offchip_hlsPKiPiS1_S1_	1	scratch_a	1	108	4
arg_read	_Z22merge_sort_offchip_hlsPKiPiS1_S1_	0	in	0	112	4
arg_write	_Z22merge_sort_offchip_hlsPKiPiS1_S1_	1	scratch_a	1	112	4
arg_read	_Z22merge_sort_offchip_hlsPKiPiS1_S1_	0	in	0	116	4
arg_write	_Z22merge_sort_offchip_hlsPKiPiS1_S1_	1	scratch_a	1	116	4
arg_read	_Z22merge_sort_offchip_hlsPKiPiS1_S1_	0	in	0	120	4
arg_write	_Z22merge_sort_offchip_hlsPKiPiS1_S1_	1	scratch_a	1	120	4
arg_read	_Z22merge_sort_offchip_hlsPKiPiS1_S1_	0	in	0	124	4
arg_write	_Z22merge_sort_offchip_hlsPKiPiS1_S1_	1	scratch_a	1	124	4
arg_read	_Z22merge_sort_offchip_hlsPKiPiS1_S1_	0	in	0	128	4
arg_write	_Z22merge_sort_offchip_hlsPKiPiS1_S1_	1	scratch_a	1	128	4
arg_read	_Z22merge_sort_offchip_hlsPKiPiS1_S1_	0	in	0	132	4
arg_write	_Z22merge_sort_offchip_hlsPKiPiS1_S1_	1	scratch_a	1	132	4
arg_read	_Z22merge_sort_offchip_hlsPKiPiS1_S1_	0	in	0	136	4
arg_write	_Z22merge_sort_offchip_hlsPKiPiS1_S1_	1	scratch_a	1	136	4
arg_read	_Z22merge_sort_offchip_hlsPKiPiS1_S1_	0	in	0	140	4
arg_write	_Z22merge_sort_offchip_hlsPKiPiS1_S1_	1	scratch_a	1	140	4
arg_read	_Z22merge_sort_offchip_hlsPKiPiS1_S1_	0	in	0	144	4
arg_write	_Z22merge_sort_offchip_hlsPKiPiS1_S1_	1	scratch_a	1	144	4
arg_read	_Z22merge_sort_offchip_hlsPKiPiS1_S1_	0	in	0	148	4
arg_write	_Z22merge_sort_offchip_hlsPKiPiS1_S1_	1	scratch_a	1	148	4
arg_read	_Z22merge_sort_offchip_hlsPKiPiS1_S1_	0	in	0	152	4
arg_write	_Z22merge_sort_offchip_hlsPKiPiS1_S1_	1	scratch_a	1	152	4
arg_read	_Z22merge_sort_offchip_hlsPKiPiS1_S1_	0	in	0	156	4
arg_write	_Z22merge_sort_offchip_hlsPKiPiS1_S1_	1	scratch_a	1	156	4
arg_read	_Z22merge_sort_offchip_hlsPKiPiS1_S1_	0	in	0	160	4
arg_write	_Z22merge_sort_offchip_hlsPKiPiS1_S1_	1	scratch_a	1	160	4
arg_read	_Z22merge_sort_offchip_hlsPKiPiS1_S1_	0	in	0	164	4
arg_write	_Z22merge_sort_offchip_hlsPKiPiS1_S1_	1	scratch_a	1	164	4
arg_read	_Z22merge_sort_offchip_hlsPKiPiS1_S1_	0	in	0	168	4
arg_write	_Z22merge_sort_offchip_hlsPKiPiS1_S1_	1	scratch_a	1	168	4
arg_read	_Z22merge_sort_offchip_hlsPKiPiS1_S1_	0	in	0	172	4
arg_write	_Z22merge_sort_offchip_hlsPKiPiS1_S1_	1	scratch_a	1	172	4
arg_read	_Z22merge_sort_offchip_hlsPKiPiS1_S1_	0	in	0	176	4
arg_write	_Z22merge_sort_offchip_hlsPKiPiS1_S1_	1	scratch_a	1	176	4
arg_read	_Z22merge_sort_offchip_hlsPKiPiS1_S1_	0	in	0	180	4
arg_write	_Z22merge_sort_offchip_hlsPKiPiS1_S1_	1	scratch_a	1	180	4
arg_read	_Z22merge_sort_offchip_hlsPKiPiS1_S1_	0	in	0	184	4
arg_write	_Z22merge_sort_offchip_hlsPKiPiS1_S1_	1	scratch_a	1	184	4
arg_read	_Z22merge_sort_offchip_hlsPKiPiS1_S1_	0	in	0	188	4
arg_write	_Z22merge_sort_offchip_hlsPKiPiS1_S1_	1	scratch_a	1	188	4
arg_read	_Z22merge_sort_offchip_hlsPKiPiS1_S1_	0	in	0	192	4
arg_write	_Z22merge_sort_offchip_hlsPKiPiS1_S1_	1	scratch_a	1	192	4
arg_read	_Z22merge_sort_offchip_hlsPKiPiS1_S1_	0	in	0	196	4
arg_write	_Z22merge_sort_offchip_hlsPKiPiS1_S1_	1	scratch_a	1	196	4
arg_read	_Z22merge_sort_offchip_hlsPKiPiS1_S1_	0	in	0	200	4
arg_write	_Z22merge_sort_offchip_hlsPKiPiS1_S1_	1	scratch_a	1	200	4
arg_read	_Z22merge_sort_offchip_hlsPKiPiS1_S1_	0	in	0	204	4
arg_write	_Z22merge_sort_offchip_hlsPKiPiS1_S1_	1	scratch_a	1	204	4
arg_read	_Z22merge_sort_offchip_hlsPKiPiS1_S1_	0	in	0	208	4
arg_write	_Z22merge_sort_offchip_hlsPKiPiS1_S1_	1	scratch_a	1	208	4
arg_read	_Z22merge_sort_offchip_hlsPKiPiS1_S1_	0	in	0	212	4
arg_write	_Z22merge_sort_offchip_hlsPKiPiS1_S1_	1	scratch_a	1	212	4
arg_read	_Z22merge_sort_offchip_hlsPKiPiS1_S1_	0	in	0	216	4
arg_write	_Z22merge_sort_offchip_hlsPKiPiS1_S1_	1	scratch_a	1	216	4
arg_read	_Z22merge_sort_offchip_hlsPKiPiS1_S1_	0	in	0	220	4
arg_write	_Z22merge_sort_offchip_hlsPKiPiS1_S1_	1	scratch_a	1	220	4
arg_read	_Z22merge_sort_offchip_hlsPKiPiS1_S1_	0	in	0	224	4
arg_write	_Z22merge_sort_offchip_hlsPKiPiS1_S1_	1	scratch_a	1	224	4
arg_read	_Z22merge_sort_offchip_hlsPKiPiS1_S1_	0	in	0	228	4
arg_write	_Z22merge_sort_offchip_hlsPKiPiS1_S1_	1	scratch_a	1	228	4
arg_read	_Z22merge_sort_offchip_hlsPKiPiS1_S1_	0	in	0	232	4
arg_write	_Z22merge_sort_offchip_hlsPKiPiS1_S1_	1	scratch_a	1	232	4
arg_read	_Z22merge_sort_offchip_hlsPKiPiS1_S1_	0	in	0	236	4
arg_write	_Z22merge_sort_offchip_hlsPKiPiS1_S1_	1	scratch_a	1	236	4
arg_read	_Z22merge_sort_offchip_hlsPKiPiS1_S1_	0	in	0	240	4
arg_write	_Z22merge_sort_offchip_hlsPKiPiS1_S1_	1	scratch_a	1	240	4
arg_read	_Z22merge_sort_offchip_hlsPKiPiS1_S1_	0	in	0	244	4
arg_write	_Z22merge_sort_offchip_hlsPKiPiS1_S1_	1	scratch_a	1	244	4
arg_read	_Z22merge_sort_offchip_hlsPKiPiS1_S1_	0	in	0	248	4
arg_write	_Z22merge_sort_offchip_hlsPKiPiS1_S1_	1	scratch_a	1	248	4
arg_read	_Z22merge_sort_offchip_hlsPKiPiS1_S1_	0	in	0	252	4
arg_write	_Z22merge_sort_offchip_hlsPKiPiS1_S1_	1	scratch_a	1	252	4
arg_read	_Z22merge_sort_offchip_hlsPKiPiS1_S1_	2	scratch_a	1	0	4
arg_read	_Z22merge_sort_offchip_hlsPKiPiS1_S1_	3	scratch_a	1	4	4
arg_write	_Z22merge_sort_offchip_hlsPKiPiS1_S1_	5	scratch_b	2	0	4
arg_read	_Z22merge_sort_offchip_hlsPKiPiS1_S1_	2	scratch_a	1	0	4
arg_write	_Z22merge_sort_offchip_hlsPKiPiS1_S1_	4	scratch_b	2	4	4
arg_read	_Z22merge_sort_offchip_hlsPKiPiS1_S1_	2	scratch_a	1	8	4
arg_read	_Z22merge_sort_offchip_hlsPKiPiS1_S1_	3	scratch_a	1	12	4
arg_write	_Z22merge_sort_offchip_hlsPKiPiS1_S1_	5	scratch_b	2	8	4
arg_read	_Z22merge_sort_offchip_hlsPKiPiS1_S1_	2	scratch_a	1	8	4
arg_write	_Z22merge_sort_offchip_hlsPKiPiS1_S1_	4	scratch_b	2	12	4
arg_read	_Z22merge_sort_offchip_hlsPKiPiS1_S1_	2	scratch_a	1	16	4
arg_read	_Z22merge_sort_offchip_hlsPKiPiS1_S1_	3	scratch_a	1	20	4
arg_write	_Z22merge_sort_offchip_hlsPKiPiS1_S1_	4	scratch_b	2	16	4
arg_read	_Z22merge_sort_offchip_hlsPKiPiS1_S1_	3	scratch_a	1	20	4
arg_write	_Z22merge_sort_offchip_hlsPKiPiS1_S1_	5	scratch_b	2	20	4
arg_read	_Z22merge_sort_offchip_hlsPKiPiS1_S1_	2	scratch_a	1	24	4
arg_read	_Z22merge_sort_offchip_hlsPKiPiS1_S1_	3	scratch_a	1	28	4
arg_write	_Z22merge_sort_offchip_hlsPKiPiS1_S1_	4	scratch_b	2	24	4
arg_read	_Z22merge_sort_offchip_hlsPKiPiS1_S1_	3	scratch_a	1	28	4
arg_write	_Z22merge_sort_offchip_hlsPKiPiS1_S1_	5	scratch_b	2	28	4
arg_read	_Z22merge_sort_offchip_hlsPKiPiS1_S1_	2	scratch_a	1	32	4
arg_read	_Z22merge_sort_offchip_hlsPKiPiS1_S1_	3	scratch_a	1	36	4
arg_write	_Z22merge_sort_offchip_hlsPKiPiS1_S1_	4	scratch_b	2	32	4
arg_read	_Z22merge_sort_offchip_hlsPKiPiS1_S1_	3	scratch_a	1	36	4
arg_write	_Z22merge_sort_offchip_hlsPKiPiS1_S1_	5	scratch_b	2	36	4
arg_read	_Z22merge_sort_offchip_hlsPKiPiS1_S1_	2	scratch_a	1	40	4
arg_read	_Z22merge_sort_offchip_hlsPKiPiS1_S1_	3	scratch_a	1	44	4
arg_write	_Z22merge_sort_offchip_hlsPKiPiS1_S1_	5	scratch_b	2	40	4
arg_read	_Z22merge_sort_offchip_hlsPKiPiS1_S1_	2	scratch_a	1	40	4
arg_write	_Z22merge_sort_offchip_hlsPKiPiS1_S1_	4	scratch_b	2	44	4
arg_read	_Z22merge_sort_offchip_hlsPKiPiS1_S1_	2	scratch_a	1	48	4
arg_read	_Z22merge_sort_offchip_hlsPKiPiS1_S1_	3	scratch_a	1	52	4
arg_write	_Z22merge_sort_offchip_hlsPKiPiS1_S1_	5	scratch_b	2	48	4
arg_read	_Z22merge_sort_offchip_hlsPKiPiS1_S1_	2	scratch_a	1	48	4
arg_write	_Z22merge_sort_offchip_hlsPKiPiS1_S1_	4	scratch_b	2	52	4
arg_read	_Z22merge_sort_offchip_hlsPKiPiS1_S1_	2	scratch_a	1	56	4
arg_read	_Z22merge_sort_offchip_hlsPKiPiS1_S1_	3	scratch_a	1	60	4
arg_write	_Z22merge_sort_offchip_hlsPKiPiS1_S1_	5	scratch_b	2	56	4
arg_read	_Z22merge_sort_offchip_hlsPKiPiS1_S1_	2	scratch_a	1	56	4
arg_write	_Z22merge_sort_offchip_hlsPKiPiS1_S1_	4	scratch_b	2	60	4
arg_read	_Z22merge_sort_offchip_hlsPKiPiS1_S1_	2	scratch_a	1	64	4
arg_read	_Z22merge_sort_offchip_hlsPKiPiS1_S1_	3	scratch_a	1	68	4
arg_write	_Z22merge_sort_offchip_hlsPKiPiS1_S1_	5	scratch_b	2	64	4
arg_read	_Z22merge_sort_offchip_hlsPKiPiS1_S1_	2	scratch_a	1	64	4
arg_write	_Z22merge_sort_offchip_hlsPKiPiS1_S1_	4	scratch_b	2	68	4
arg_read	_Z22merge_sort_offchip_hlsPKiPiS1_S1_	2	scratch_a	1	72	4
arg_read	_Z22merge_sort_offchip_hlsPKiPiS1_S1_	3	scratch_a	1	76	4
arg_write	_Z22merge_sort_offchip_hlsPKiPiS1_S1_	4	scratch_b	2	72	4
arg_read	_Z22merge_sort_offchip_hlsPKiPiS1_S1_	3	scratch_a	1	76	4
arg_write	_Z22merge_sort_offchip_hlsPKiPiS1_S1_	5	scratch_b	2	76	4
arg_read	_Z22merge_sort_offchip_hlsPKiPiS1_S1_	2	scratch_a	1	80	4
arg_read	_Z22merge_sort_offchip_hlsPKiPiS1_S1_	3	scratch_a	1	84	4
arg_write	_Z22merge_sort_offchip_hlsPKiPiS1_S1_	4	scratch_b	2	80	4
arg_read	_Z22merge_sort_offchip_hlsPKiPiS1_S1_	3	scratch_a	1	84	4
arg_write	_Z22merge_sort_offchip_hlsPKiPiS1_S1_	5	scratch_b	2	84	4
arg_read	_Z22merge_sort_offchip_hlsPKiPiS1_S1_	2	scratch_a	1	88	4
arg_read	_Z22merge_sort_offchip_hlsPKiPiS1_S1_	3	scratch_a	1	92	4
arg_write	_Z22merge_sort_offchip_hlsPKiPiS1_S1_	5	scratch_b	2	88	4
arg_read	_Z22merge_sort_offchip_hlsPKiPiS1_S1_	2	scratch_a	1	88	4
arg_write	_Z22merge_sort_offchip_hlsPKiPiS1_S1_	4	scratch_b	2	92	4
arg_read	_Z22merge_sort_offchip_hlsPKiPiS1_S1_	2	scratch_a	1	96	4
arg_read	_Z22merge_sort_offchip_hlsPKiPiS1_S1_	3	scratch_a	1	100	4
arg_write	_Z22merge_sort_offchip_hlsPKiPiS1_S1_	4	scratch_b	2	96	4
arg_read	_Z22merge_sort_offchip_hlsPKiPiS1_S1_	3	scratch_a	1	100	4
arg_write	_Z22merge_sort_offchip_hlsPKiPiS1_S1_	5	scratch_b	2	100	4
arg_read	_Z22merge_sort_offchip_hlsPKiPiS1_S1_	2	scratch_a	1	104	4
arg_read	_Z22merge_sort_offchip_hlsPKiPiS1_S1_	3	scratch_a	1	108	4
arg_write	_Z22merge_sort_offchip_hlsPKiPiS1_S1_	5	scratch_b	2	104	4
arg_read	_Z22merge_sort_offchip_hlsPKiPiS1_S1_	2	scratch_a	1	104	4
arg_write	_Z22merge_sort_offchip_hlsPKiPiS1_S1_	4	scratch_b	2	108	4
arg_read	_Z22merge_sort_offchip_hlsPKiPiS1_S1_	2	scratch_a	1	112	4
arg_read	_Z22merge_sort_offchip_hlsPKiPiS1_S1_	3	scratch_a	1	116	4
arg_write	_Z22merge_sort_offchip_hlsPKiPiS1_S1_	5	scratch_b	2	112	4
arg_read	_Z22merge_sort_offchip_hlsPKiPiS1_S1_	2	scratch_a	1	112	4
arg_write	_Z22merge_sort_offchip_hlsPKiPiS1_S1_	4	scratch_b	2	116	4
arg_read	_Z22merge_sort_offchip_hlsPKiPiS1_S1_	2	scratch_a	1	120	4
arg_read	_Z22merge_sort_offchip_hlsPKiPiS1_S1_	3	scratch_a	1	124	4
arg_write	_Z22merge_sort_offchip_hlsPKiPiS1_S1_	4	scratch_b	2	120	4
arg_read	_Z22merge_sort_offchip_hlsPKiPiS1_S1_	3	scratch_a	1	124	4
arg_write	_Z22merge_sort_offchip_hlsPKiPiS1_S1_	5	scratch_b	2	124	4
arg_read	_Z22merge_sort_offchip_hlsPKiPiS1_S1_	2	scratch_a	1	128	4
arg_read	_Z22merge_sort_offchip_hlsPKiPiS1_S1_	3	scratch_a	1	132	4
arg_write	_Z22merge_sort_offchip_hlsPKiPiS1_S1_	5	scratch_b	2	128	4
arg_read	_Z22merge_sort_offchip_hlsPKiPiS1_S1_	2	scratch_a	1	128	4
arg_write	_Z22merge_sort_offchip_hlsPKiPiS1_S1_	4	scratch_b	2	132	4
arg_read	_Z22merge_sort_offchip_hlsPKiPiS1_S1_	2	scratch_a	1	136	4
arg_read	_Z22merge_sort_offchip_hlsPKiPiS1_S1_	3	scratch_a	1	140	4
arg_write	_Z22merge_sort_offchip_hlsPKiPiS1_S1_	5	scratch_b	2	136	4
arg_read	_Z22merge_sort_offchip_hlsPKiPiS1_S1_	2	scratch_a	1	136	4
arg_write	_Z22merge_sort_offchip_hlsPKiPiS1_S1_	4	scratch_b	2	140	4
arg_read	_Z22merge_sort_offchip_hlsPKiPiS1_S1_	2	scratch_a	1	144	4
arg_read	_Z22merge_sort_offchip_hlsPKiPiS1_S1_	3	scratch_a	1	148	4
arg_write	_Z22merge_sort_offchip_hlsPKiPiS1_S1_	4	scratch_b	2	144	4
arg_read	_Z22merge_sort_offchip_hlsPKiPiS1_S1_	3	scratch_a	1	148	4
arg_write	_Z22merge_sort_offchip_hlsPKiPiS1_S1_	5	scratch_b	2	148	4
arg_read	_Z22merge_sort_offchip_hlsPKiPiS1_S1_	2	scratch_a	1	152	4
arg_read	_Z22merge_sort_offchip_hlsPKiPiS1_S1_	3	scratch_a	1	156	4
arg_write	_Z22merge_sort_offchip_hlsPKiPiS1_S1_	5	scratch_b	2	152	4
arg_read	_Z22merge_sort_offchip_hlsPKiPiS1_S1_	2	scratch_a	1	152	4
arg_write	_Z22merge_sort_offchip_hlsPKiPiS1_S1_	4	scratch_b	2	156	4
arg_read	_Z22merge_sort_offchip_hlsPKiPiS1_S1_	2	scratch_a	1	160	4
arg_read	_Z22merge_sort_offchip_hlsPKiPiS1_S1_	3	scratch_a	1	164	4
arg_write	_Z22merge_sort_offchip_hlsPKiPiS1_S1_	4	scratch_b	2	160	4
arg_read	_Z22merge_sort_offchip_hlsPKiPiS1_S1_	3	scratch_a	1	164	4
arg_write	_Z22merge_sort_offchip_hlsPKiPiS1_S1_	5	scratch_b	2	164	4
arg_read	_Z22merge_sort_offchip_hlsPKiPiS1_S1_	2	scratch_a	1	168	4
arg_read	_Z22merge_sort_offchip_hlsPKiPiS1_S1_	3	scratch_a	1	172	4
arg_write	_Z22merge_sort_offchip_hlsPKiPiS1_S1_	5	scratch_b	2	168	4
arg_read	_Z22merge_sort_offchip_hlsPKiPiS1_S1_	2	scratch_a	1	168	4
arg_write	_Z22merge_sort_offchip_hlsPKiPiS1_S1_	4	scratch_b	2	172	4
arg_read	_Z22merge_sort_offchip_hlsPKiPiS1_S1_	2	scratch_a	1	176	4
arg_read	_Z22merge_sort_offchip_hlsPKiPiS1_S1_	3	scratch_a	1	180	4
arg_write	_Z22merge_sort_offchip_hlsPKiPiS1_S1_	5	scratch_b	2	176	4
arg_read	_Z22merge_sort_offchip_hlsPKiPiS1_S1_	2	scratch_a	1	176	4
arg_write	_Z22merge_sort_offchip_hlsPKiPiS1_S1_	4	scratch_b	2	180	4
arg_read	_Z22merge_sort_offchip_hlsPKiPiS1_S1_	2	scratch_a	1	184	4
arg_read	_Z22merge_sort_offchip_hlsPKiPiS1_S1_	3	scratch_a	1	188	4
arg_write	_Z22merge_sort_offchip_hlsPKiPiS1_S1_	4	scratch_b	2	184	4
arg_read	_Z22merge_sort_offchip_hlsPKiPiS1_S1_	3	scratch_a	1	188	4
arg_write	_Z22merge_sort_offchip_hlsPKiPiS1_S1_	5	scratch_b	2	188	4
arg_read	_Z22merge_sort_offchip_hlsPKiPiS1_S1_	2	scratch_a	1	192	4
arg_read	_Z22merge_sort_offchip_hlsPKiPiS1_S1_	3	scratch_a	1	196	4
arg_write	_Z22merge_sort_offchip_hlsPKiPiS1_S1_	4	scratch_b	2	192	4
arg_read	_Z22merge_sort_offchip_hlsPKiPiS1_S1_	3	scratch_a	1	196	4
arg_write	_Z22merge_sort_offchip_hlsPKiPiS1_S1_	5	scratch_b	2	196	4
arg_read	_Z22merge_sort_offchip_hlsPKiPiS1_S1_	2	scratch_a	1	200	4
arg_read	_Z22merge_sort_offchip_hlsPKiPiS1_S1_	3	scratch_a	1	204	4
arg_write	_Z22merge_sort_offchip_hlsPKiPiS1_S1_	5	scratch_b	2	200	4
arg_read	_Z22merge_sort_offchip_hlsPKiPiS1_S1_	2	scratch_a	1	200	4
arg_write	_Z22merge_sort_offchip_hlsPKiPiS1_S1_	4	scratch_b	2	204	4
arg_read	_Z22merge_sort_offchip_hlsPKiPiS1_S1_	2	scratch_a	1	208	4
arg_read	_Z22merge_sort_offchip_hlsPKiPiS1_S1_	3	scratch_a	1	212	4
arg_write	_Z22merge_sort_offchip_hlsPKiPiS1_S1_	4	scratch_b	2	208	4
arg_read	_Z22merge_sort_offchip_hlsPKiPiS1_S1_	3	scratch_a	1	212	4
arg_write	_Z22merge_sort_offchip_hlsPKiPiS1_S1_	5	scratch_b	2	212	4
arg_read	_Z22merge_sort_offchip_hlsPKiPiS1_S1_	2	scratch_a	1	216	4
arg_read	_Z22merge_sort_offchip_hlsPKiPiS1_S1_	3	scratch_a	1	220	4
arg_write	_Z22merge_sort_offchip_hlsPKiPiS1_S1_	4	scratch_b	2	216	4
arg_read	_Z22merge_sort_offchip_hlsPKiPiS1_S1_	3	scratch_a	1	220	4
arg_write	_Z22merge_sort_offchip_hlsPKiPiS1_S1_	5	scratch_b	2	220	4
arg_read	_Z22merge_sort_offchip_hlsPKiPiS1_S1_	2	scratch_a	1	224	4
arg_read	_Z22merge_sort_offchip_hlsPKiPiS1_S1_	3	scratch_a	1	228	4
arg_write	_Z22merge_sort_offchip_hlsPKiPiS1_S1_	4	scratch_b	2	224	4
arg_read	_Z22merge_sort_offchip_hlsPKiPiS1_S1_	3	scratch_a	1	228	4
arg_write	_Z22merge_sort_offchip_hlsPKiPiS1_S1_	5	scratch_b	2	228	4
arg_read	_Z22merge_sort_offchip_hlsPKiPiS1_S1_	2	scratch_a	1	232	4
arg_read	_Z22merge_sort_offchip_hlsPKiPiS1_S1_	3	scratch_a	1	236	4
arg_write	_Z22merge_sort_offchip_hlsPKiPiS1_S1_	5	scratch_b	2	232	4
arg_read	_Z22merge_sort_offchip_hlsPKiPiS1_S1_	2	scratch_a	1	232	4
arg_write	_Z22merge_sort_offchip_hlsPKiPiS1_S1_	4	scratch_b	2	236	4
arg_read	_Z22merge_sort_offchip_hlsPKiPiS1_S1_	2	scratch_a	1	240	4
arg_read	_Z22merge_sort_offchip_hlsPKiPiS1_S1_	3	scratch_a	1	244	4
arg_write	_Z22merge_sort_offchip_hlsPKiPiS1_S1_	4	scratch_b	2	240	4
arg_read	_Z22merge_sort_offchip_hlsPKiPiS1_S1_	3	scratch_a	1	244	4
arg_write	_Z22merge_sort_offchip_hlsPKiPiS1_S1_	5	scratch_b	2	244	4
arg_read	_Z22merge_sort_offchip_hlsPKiPiS1_S1_	2	scratch_a	1	248	4
arg_read	_Z22merge_sort_offchip_hlsPKiPiS1_S1_	3	scratch_a	1	252	4
arg_write	_Z22merge_sort_offchip_hlsPKiPiS1_S1_	4	scratch_b	2	248	4
arg_read	_Z22merge_sort_offchip_hlsPKiPiS1_S1_	3	scratch_a	1	252	4
arg_write	_Z22merge_sort_offchip_hlsPKiPiS1_S1_	5	scratch_b	2	252	4
arg_read	_Z22merge_sort_offchip_hlsPKiPiS1_S1_	6	scratch_b	2	0	4
arg_read	_Z22merge_sort_offchip_hlsPKiPiS1_S1_	7	scratch_b	2	8	4
arg_write	_Z22merge_sort_offchip_hlsPKiPiS1_S1_	9	scratch_a	1	0	4
arg_read	_Z22merge_sort_offchip_hlsPKiPiS1_S1_	6	scratch_b	2	0	4
arg_read	_Z22merge_sort_offchip_hlsPKiPiS1_S1_	7	scratch_b	2	12	4
arg_write	_Z22merge_sort_offchip_hlsPKiPiS1_S1_	8	scratch_a	1	4	4
arg_read	_Z22merge_sort_offchip_hlsPKiPiS1_S1_	6	scratch_b	2	4	4
arg_read	_Z22merge_sort_offchip_hlsPKiPiS1_S1_	7	scratch_b	2	12	4
arg_write	_Z22merge_sort_offchip_hlsPKiPiS1_S1_	8	scratch_a	1	8	4
arg_read	_Z22merge_sort_offchip_hlsPKiPiS1_S1_	7	scratch_b	2	12	4
arg_write	_Z22merge_sort_offchip_hlsPKiPiS1_S1_	9	scratch_a	1	12	4
arg_read	_Z22merge_sort_offchip_hlsPKiPiS1_S1_	6	scratch_b	2	16	4
arg_read	_Z22merge_sort_offchip_hlsPKiPiS1_S1_	7	scratch_b	2	24	4
arg_write	_Z22merge_sort_offchip_hlsPKiPiS1_S1_	9	scratch_a	1	16	4
arg_read	_Z22merge_sort_offchip_hlsPKiPiS1_S1_	6	scratch_b	2	16	4
arg_read	_Z22merge_sort_offchip_hlsPKiPiS1_S1_	7	scratch_b	2	28	4
arg_write	_Z22merge_sort_offchip_hlsPKiPiS1_S1_	8	scratch_a	1	20	4
arg_read	_Z22merge_sort_offchip_hlsPKiPiS1_S1_	6	scratch_b	2	20	4
arg_read	_Z22merge_sort_offchip_hlsPKiPiS1_S1_	7	scratch_b	2	28	4
arg_write	_Z22merge_sort_offchip_hlsPKiPiS1_S1_	8	scratch_a	1	24	4
arg_read	_Z22merge_sort_offchip_hlsPKiPiS1_S1_	7	scratch_b	2	28	4
arg_write	_Z22merge_sort_offchip_hlsPKiPiS1_S1_	9	scratch_a	1	28	4
arg_read	_Z22merge_sort_offchip_hlsPKiPiS1_S1_	6	scratch_b	2	32	4
arg_read	_Z22merge_sort_offchip_hlsPKiPiS1_S1_	7	scratch_b	2	40	4
arg_write	_Z22merge_sort_offchip_hlsPKiPiS1_S1_	8	scratch_a	1	32	4
arg_read	_Z22merge_sort_offchip_hlsPKiPiS1_S1_	6	scratch_b	2	36	4
arg_read	_Z22merge_sort_offchip_hlsPKiPiS1_S1_	7	scratch_b	2	40	4
arg_write	_Z22merge_sort_offchip_hlsPKiPiS1_S1_	8	scratch_a	1	36	4
arg_read	_Z22merge_sort_offchip_hlsPKiPiS1_S1_	7	scratch_b	2	40	4
arg_write	_Z22merge_sort_offchip_hlsPKiPiS1_S1_	9	scratch_a	1	40	4
arg_read	_Z22merge_sort_offchip_hlsPKiPiS1_S1_	7	scratch_b	2	44	4
arg_write	_Z22merge_sort_offchip_hlsPKiPiS1_S1_	9	scratch_a	1	44	4
arg_read	_Z22merge_sort_offchip_hlsPKiPiS1_S1_	6	scratch_b	2	48	4
arg_read	_Z22merge_sort_offchip_hlsPKiPiS1_S1_	7	scratch_b	2	56	4
arg_write	_Z22merge_sort_offchip_hlsPKiPiS1_S1_	8	scratch_a	1	48	4
arg_read	_Z22merge_sort_offchip_hlsPKiPiS1_S1_	6	scratch_b	2	52	4
arg_read	_Z22merge_sort_offchip_hlsPKiPiS1_S1_	7	scratch_b	2	56	4
arg_write	_Z22merge_sort_offchip_hlsPKiPiS1_S1_	9	scratch_a	1	52	4
arg_read	_Z22merge_sort_offchip_hlsPKiPiS1_S1_	6	scratch_b	2	52	4
arg_read	_Z22merge_sort_offchip_hlsPKiPiS1_S1_	7	scratch_b	2	60	4
arg_write	_Z22merge_sort_offchip_hlsPKiPiS1_S1_	9	scratch_a	1	56	4
arg_read	_Z22merge_sort_offchip_hlsPKiPiS1_S1_	6	scratch_b	2	52	4
arg_write	_Z22merge_sort_offchip_hlsPKiPiS1_S1_	8	scratch_a	1	60	4
arg_read	_Z22merge_sort_offchip_hlsPKiPiS1_S1_	6	scratch_b	2	64	4
arg_read	_Z22merge_sort_offchip_hlsPKiPiS1_S1_	7	scratch_b	2	72	4
arg_write	_Z22merge_sort_offchip_hlsPKiPiS1_S1_	8	scratch_a	1	64	4
arg_read	_Z22merge_sort_offchip_hlsPKiPiS1_S1_	6	scratch_b	2	68	4
arg_read	_Z22merge_sort_offchip_hlsPKiPiS1_S1_	7	scratch_b	2	72	4
arg_write	_Z22merge_sort_offchip_hlsPKiPiS1_S1_	8	scratch_a	1	68	4
arg_read	_Z22merge_sort_offchip_hlsPKiPiS1_S1_	7	scratch_b	2	72	4
arg_write	_Z22merge_sort_offchip_hlsPKiPiS1_S1_	9	scratch_a	1	72	4
arg_read	_Z22merge_sort_offchip_hlsPKiPiS1_S1_	7	scratch_b	2	76	4
arg_write	_Z22merge_sort_offchip_hlsPKiPiS1_S1_	9	scratch_a	1	76	4
arg_read	_Z22merge_sort_offchip_hlsPKiPiS1_S1_	6	scratch_b	2	80	4
arg_read	_Z22merge_sort_offchip_hlsPKiPiS1_S1_	7	scratch_b	2	88	4
arg_write	_Z22merge_sort_offchip_hlsPKiPiS1_S1_	9	scratch_a	1	80	4
arg_read	_Z22merge_sort_offchip_hlsPKiPiS1_S1_	6	scratch_b	2	80	4
arg_read	_Z22merge_sort_offchip_hlsPKiPiS1_S1_	7	scratch_b	2	92	4
arg_write	_Z22merge_sort_offchip_hlsPKiPiS1_S1_	9	scratch_a	1	84	4
arg_read	_Z22merge_sort_offchip_hlsPKiPiS1_S1_	6	scratch_b	2	80	4
arg_write	_Z22merge_sort_offchip_hlsPKiPiS1_S1_	8	scratch_a	1	88	4
arg_read	_Z22merge_sort_offchip_hlsPKiPiS1_S1_	6	scratch_b	2	84	4
arg_write	_Z22merge_sort_offchip_hlsPKiPiS1_S1_	8	scratch_a	1	92	4
arg_read	_Z22merge_sort_offchip_hlsPKiPiS1_S1_	6	scratch_b	2	96	4
arg_read	_Z22merge_sort_offchip_hlsPKiPiS1_S1_	7	scratch_b	2	104	4
arg_write	_Z22merge_sort_offchip_hlsPKiPiS1_S1_	9	scratch_a	1	96	4
arg_read	_Z22merge_sort_offchip_hlsPKiPiS1_S1_	6	scratch_b	2	96	4
arg_read	_Z22merge_sort_offchip_hlsPKiPiS1_S1_	7	scratch_b	2	108	4
arg_write	_Z22merge_sort_offchip_hlsPKiPiS1_S1_	8	scratch_a	1	100	4
arg_read	_Z22merge_sort_offchip_hlsPKiPiS1_S1_	6	scratch_b	2	100	4
arg_read	_Z22merge_sort_offchip_hlsPKiPiS1_S1_	7	scratch_b	2	108	4
arg_write	_Z22merge_sort_offchip_hlsPKiPiS1_S1_	9	scratch_a	1	104	4
arg_read	_Z22merge_sort_offchip_hlsPKiPiS1_S1_	6	scratch_b	2	100	4
arg_write	_Z22merge_sort_offchip_hlsPKiPiS1_S1_	8	scratch_a	1	108	4
arg_read	_Z22merge_sort_offchip_hlsPKiPiS1_S1_	6	scratch_b	2	112	4
arg_read	_Z22merge_sort_offchip_hlsPKiPiS1_S1_	7	scratch_b	2	120	4
arg_write	_Z22merge_sort_offchip_hlsPKiPiS1_S1_	9	scratch_a	1	112	4
arg_read	_Z22merge_sort_offchip_hlsPKiPiS1_S1_	6	scratch_b	2	112	4
arg_read	_Z22merge_sort_offchip_hlsPKiPiS1_S1_	7	scratch_b	2	124	4
arg_write	_Z22merge_sort_offchip_hlsPKiPiS1_S1_	9	scratch_a	1	116	4
arg_read	_Z22merge_sort_offchip_hlsPKiPiS1_S1_	6	scratch_b	2	112	4
arg_write	_Z22merge_sort_offchip_hlsPKiPiS1_S1_	8	scratch_a	1	120	4
arg_read	_Z22merge_sort_offchip_hlsPKiPiS1_S1_	6	scratch_b	2	116	4
arg_write	_Z22merge_sort_offchip_hlsPKiPiS1_S1_	8	scratch_a	1	124	4
arg_read	_Z22merge_sort_offchip_hlsPKiPiS1_S1_	6	scratch_b	2	128	4
arg_read	_Z22merge_sort_offchip_hlsPKiPiS1_S1_	7	scratch_b	2	136	4
arg_write	_Z22merge_sort_offchip_hlsPKiPiS1_S1_	8	scratch_a	1	128	4
arg_read	_Z22merge_sort_offchip_hlsPKiPiS1_S1_	6	scratch_b	2	132	4
arg_read	_Z22merge_sort_offchip_hlsPKiPiS1_S1_	7	scratch_b	2	136	4
arg_write	_Z22merge_sort_offchip_hlsPKiPiS1_S1_	9	scratch_a	1	132	4
arg_read	_Z22merge_sort_offchip_hlsPKiPiS1_S1_	6	scratch_b	2	132	4
arg_read	_Z22merge_sort_offchip_hlsPKiPiS1_S1_	7	scratch_b	2	140	4
arg_write	_Z22merge_sort_offchip_hlsPKiPiS1_S1_	8	scratch_a	1	136	4
arg_read	_Z22merge_sort_offchip_hlsPKiPiS1_S1_	7	scratch_b	2	140	4
arg_write	_Z22merge_sort_offchip_hlsPKiPiS1_S1_	9	scratch_a	1	140	4
arg_read	_Z22merge_sort_offchip_hlsPKiPiS1_S1_	6	scratch_b	2	144	4
arg_read	_Z22merge_sort_offchip_hlsPKiPiS1_S1_	7	scratch_b	2	152	4
arg_write	_Z22merge_sort_offchip_hlsPKiPiS1_S1_	9	scratch_a	1	144	4
arg_read	_Z22merge_sort_offchip_hlsPKiPiS1_S1_	6	scratch_b	2	144	4
arg_read	_Z22merge_sort_offchip_hlsPKiPiS1_S1_	7	scratch_b	2	156	4
arg_write	_Z22merge_sort_offchip_hlsPKiPiS1_S1_	9	scratch_a	1	148	4
arg_read	_Z22merge_sort_offchip_hlsPKiPiS1_S1_	6	scratch_b	2	144	4
arg_write	_Z22merge_sort_offchip_hlsPKiPiS1_S1_	8	scratch_a	1	152	4
arg_read	_Z22merge_sort_offchip_hlsPKiPiS1_S1_	6	scratch_b	2	148	4
arg_write	_Z22merge_sort_offchip_hlsPKiPiS1_S1_	8	scratch_a	1	156	4
arg_read	_Z22merge_sort_offchip_hlsPKiPiS1_S1_	6	scratch_b	2	160	4
arg_read	_Z22merge_sort_offchip_hlsPKiPiS1_S1_	7	scratch_b	2	168	4
arg_write	_Z22merge_sort_offchip_hlsPKiPiS1_S1_	8	scratch_a	1	160	4
arg_read	_Z22merge_sort_offchip_hlsPKiPiS1_S1_	6	scratch_b	2	164	4
arg_read	_Z22merge_sort_offchip_hlsPKiPiS1_S1_	7	scratch_b	2	168	4
arg_write	_Z22merge_sort_offchip_hlsPKiPiS1_S1_	9	scratch_a	1	164	4
arg_read	_Z22merge_sort_offchip_hlsPKiPiS1_S1_	6	scratch_b	2	164	4
arg_read	_Z22merge_sort_offchip_hlsPKiPiS1_S1_	7	scratch_b	2	172	4
arg_write	_Z22merge_sort_offchip_hlsPKiPiS1_S1_	9	scratch_a	1	168	4
arg_read	_Z22merge_sort_offchip_hlsPKiPiS1_S1_	6	scratch_b	2	164	4
arg_write	_Z22merge_sort_offchip_hlsPKiPiS1_S1_	8	scratch_a	1	172	4
arg_read	_Z22merge_sort_offchip_hlsPKiPiS1_S1_	6	scratch_b	2	176	4
arg_read	_Z22merge_sort_offchip_hlsPKiPiS1_S1_	7	scratch_b	2	184	4
arg_write	_Z22merge_sort_offchip_hlsPKiPiS1_S1_	9	scratch_a	1	176	4
arg_read	_Z22merge_sort_offchip_hlsPKiPiS1_S1_	6	scratch_b	2	176	4
arg_read	_Z22merge_sort_offchip_hlsPKiPiS1_S1_	7	scratch_b	2	188	4
arg_write	_Z22merge_sort_offchip_hlsPKiPiS1_S1_	8	scratch_a	1	180	4
arg_read	_Z22merge_sort_offchip_hlsPKiPiS1_S1_	6	scratch_b	2	180	4
arg_read	_Z22merge_sort_offchip_hlsPKiPiS1_S1_	7	scratch_b	2	188	4
arg_write	_Z22merge_sort_offchip_hlsPKiPiS1_S1_	9	scratch_a	1	184	4
arg_read	_Z22merge_sort_offchip_hlsPKiPiS1_S1_	6	scratch_b	2	180	4
arg_write	_Z22merge_sort_offchip_hlsPKiPiS1_S1_	8	scratch_a	1	188	4
arg_read	_Z22merge_sort_offchip_hlsPKiPiS1_S1_	6	scratch_b	2	192	4
arg_read	_Z22merge_sort_offchip_hlsPKiPiS1_S1_	7	scratch_b	2	200	4
arg_write	_Z22merge_sort_offchip_hlsPKiPiS1_S1_	8	scratch_a	1	192	4
arg_read	_Z22merge_sort_offchip_hlsPKiPiS1_S1_	6	scratch_b	2	196	4
arg_read	_Z22merge_sort_offchip_hlsPKiPiS1_S1_	7	scratch_b	2	200	4
arg_write	_Z22merge_sort_offchip_hlsPKiPiS1_S1_	9	scratch_a	1	196	4
arg_read	_Z22merge_sort_offchip_hlsPKiPiS1_S1_	6	scratch_b	2	196	4
arg_read	_Z22merge_sort_offchip_hlsPKiPiS1_S1_	7	scratch_b	2	204	4
arg_write	_Z22merge_sort_offchip_hlsPKiPiS1_S1_	9	scratch_a	1	200	4
arg_read	_Z22merge_sort_offchip_hlsPKiPiS1_S1_	6	scratch_b	2	196	4
arg_write	_Z22merge_sort_offchip_hlsPKiPiS1_S1_	8	scratch_a	1	204	4
arg_read	_Z22merge_sort_offchip_hlsPKiPiS1_S1_	6	scratch_b	2	208	4
arg_read	_Z22merge_sort_offchip_hlsPKiPiS1_S1_	7	scratch_b	2	216	4
arg_write	_Z22merge_sort_offchip_hlsPKiPiS1_S1_	9	scratch_a	1	208	4
arg_read	_Z22merge_sort_offchip_hlsPKiPiS1_S1_	6	scratch_b	2	208	4
arg_read	_Z22merge_sort_offchip_hlsPKiPiS1_S1_	7	scratch_b	2	220	4
arg_write	_Z22merge_sort_offchip_hlsPKiPiS1_S1_	8	scratch_a	1	212	4
arg_read	_Z22merge_sort_offchip_hlsPKiPiS1_S1_	6	scratch_b	2	212	4
arg_read	_Z22merge_sort_offchip_hlsPKiPiS1_S1_	7	scratch_b	2	220	4
arg_write	_Z22merge_sort_offchip_hlsPKiPiS1_S1_	8	scratch_a	1	216	4
arg_read	_Z22merge_sort_offchip_hlsPKiPiS1_S1_	7	scratch_b	2	220	4
arg_write	_Z22merge_sort_offchip_hlsPKiPiS1_S1_	9	scratch_a	1	220	4
arg_read	_Z22merge_sort_offchip_hlsPKiPiS1_S1_	6	scratch_b	2	224	4
arg_read	_Z22merge_sort_offchip_hlsPKiPiS1_S1_	7	scratch_b	2	232	4
arg_write	_Z22merge_sort_offchip_hlsPKiPiS1_S1_	9	scratch_a	1	224	4
arg_read	_Z22merge_sort_offchip_hlsPKiPiS1_S1_	6	scratch_b	2	224	4
arg_read	_Z22merge_sort_offchip_hlsPKiPiS1_S1_	7	scratch_b	2	236	4
arg_write	_Z22merge_sort_offchip_hlsPKiPiS1_S1_	8	scratch_a	1	228	4
arg_read	_Z22merge_sort_offchip_hlsPKiPiS1_S1_	6	scratch_b	2	228	4
arg_read	_Z22merge_sort_offchip_hlsPKiPiS1_S1_	7	scratch_b	2	236	4
arg_write	_Z22merge_sort_offchip_hlsPKiPiS1_S1_	9	scratch_a	1	232	4
arg_read	_Z22merge_sort_offchip_hlsPKiPiS1_S1_	6	scratch_b	2	228	4
arg_write	_Z22merge_sort_offchip_hlsPKiPiS1_S1_	8	scratch_a	1	236	4
arg_read	_Z22merge_sort_offchip_hlsPKiPiS1_S1_	6	scratch_b	2	240	4
arg_read	_Z22merge_sort_offchip_hlsPKiPiS1_S1_	7	scratch_b	2	248	4
arg_write	_Z22merge_sort_offchip_hlsPKiPiS1_S1_	9	scratch_a	1	240	4
arg_read	_Z22merge_sort_offchip_hlsPKiPiS1_S1_	6	scratch_b	2	240	4
arg_read	_Z22merge_sort_offchip_hlsPKiPiS1_S1_	7	scratch_b	2	252	4
arg_write	_Z22merge_sort_offchip_hlsPKiPiS1_S1_	9	scratch_a	1	244	4
arg_read	_Z22merge_sort_offchip_hlsPKiPiS1_S1_	6	scratch_b	2	240	4
arg_write	_Z22merge_sort_offchip_hlsPKiPiS1_S1_	8	scratch_a	1	248	4
arg_read	_Z22merge_sort_offchip_hlsPKiPiS1_S1_	6	scratch_b	2	244	4
arg_write	_Z22merge_sort_offchip_hlsPKiPiS1_S1_	8	scratch_a	1	252	4
arg_read	_Z22merge_sort_offchip_hlsPKiPiS1_S1_	2	scratch_a	1	0	4
arg_read	_Z22merge_sort_offchip_hlsPKiPiS1_S1_	3	scratch_a	1	16	4
arg_write	_Z22merge_sort_offchip_hlsPKiPiS1_S1_	5	scratch_b	2	0	4
arg_read	_Z22merge_sort_offchip_hlsPKiPiS1_S1_	2	scratch_a	1	0	4
arg_read	_Z22merge_sort_offchip_hlsPKiPiS1_S1_	3	scratch_a	1	20	4
arg_write	_Z22merge_sort_offchip_hlsPKiPiS1_S1_	4	scratch_b	2	4	4
arg_read	_Z22merge_sort_offchip_hlsPKiPiS1_S1_	2	scratch_a	1	4	4
arg_read	_Z22merge_sort_offchip_hlsPKiPiS1_S1_	3	scratch_a	1	20	4
arg_write	_Z22merge_sort_offchip_hlsPKiPiS1_S1_	5	scratch_b	2	8	4
arg_read	_Z22merge_sort_offchip_hlsPKiPiS1_S1_	2	scratch_a	1	4	4
arg_read	_Z22merge_sort_offchip_hlsPKiPiS1_S1_	3	scratch_a	1	24	4
arg_write	_Z22merge_sort_offchip_hlsPKiPiS1_S1_	5	scratch_b	2	12	4
arg_read	_Z22merge_sort_offchip_hlsPKiPiS1_S1_	2	scratch_a	1	4	4
arg_read	_Z22merge_sort_offchip_hlsPKiPiS1_S1_	3	scratch_a	1	28	4
arg_write	_Z22merge_sort_offchip_hlsPKiPiS1_S1_	4	scratch_b	2	16	4
arg_read	_Z22merge_sort_offchip_hlsPKiPiS1_S1_	2	scratch_a	1	8	4
arg_read	_Z22merge_sort_offchip_hlsPKiPiS1_S1_	3	scratch_a	1	28	4
arg_write	_Z22merge_sort_offchip_hlsPKiPiS1_S1_	4	scratch_b	2	20	4
arg_read	_Z22merge_sort_offchip_hlsPKiPiS1_S1_	2	scratch_a	1	12	4
arg_read	_Z22merge_sort_offchip_hlsPKiPiS1_S1_	3	scratch_a	1	28	4
arg_write	_Z22merge_sort_offchip_hlsPKiPiS1_S1_	5	scratch_b	2	24	4
arg_read	_Z22merge_sort_offchip_hlsPKiPiS1_S1_	2	scratch_a	1	12	4
arg_write	_Z22merge_sort_offchip_hlsPKiPiS1_S1_	4	scratch_b	2	28	4
arg_read	_Z22merge_sort_offchip_hlsPKiPiS1_S1_	2	scratch_a	1	32	4
arg_read	_Z22merge_sort_offchip_hlsPKiPiS1_S1_	3	scratch_a	1	48	4
arg_write	_Z22merge_sort_offchip_hlsPKiPiS1_S1_	5	scratch_b	2	32	4
arg_read	_Z22merge_sort_offchip_hlsPKiPiS1_S1_	2	scratch_a	1	32	4
arg_read	_Z22merge_sort_offchip_hlsPKiPiS1_S1_	3	scratch_a	1	52	4
arg_write	_Z22merge_sort_offchip_hlsPKiPiS1_S1_	4	scratch_b	2	36	4
arg_read	_Z22merge_sort_offchip_hlsPKiPiS1_S1_	2	scratch_a	1	36	4
arg_read	_Z22merge_sort_offchip_hlsPKiPiS1_S1_	3	scratch_a	1	52	4
arg_write	_Z22merge_sort_offchip_hlsPKiPiS1_S1_	4	scratch_b	2	40	4
arg_read	_Z22merge_sort_offchip_hlsPKiPiS1_S1_	2	scratch_a	1	40	4
arg_read	_Z22merge_sort_offchip_hlsPKiPiS1_S1_	3	scratch_a	1	52	4
arg_write	_Z22merge_sort_offchip_hlsPKiPiS1_S1_	5	scratch_b	2	44	4
arg_read	_Z22merge_sort_offchip_hlsPKiPiS1_S1_	2	scratch_a	1	40	4
arg_read	_Z22merge_sort_offchip_hlsPKiPiS1_S1_	3	scratch_a	1	56	4
arg_write	_Z22merge_sort_offchip_hlsPKiPiS1_S1_	4	scratch_b	2	48	4
arg_read	_Z22merge_sort_offchip_hlsPKiPiS1_S1_	2	scratch_a	1	44	4
arg_read	_Z22merge_sort_offchip_hlsPKiPiS1_S1_	3	scratch_a	1	56	4
arg_write	_Z22merge_sort_offchip_hlsPKiPiS1_S1_	4	scratch_b	2	52	4
arg_read	_Z22merge_sort_offchip_hlsPKiPiS1_S1_	3	scratch_a	1	56	4
arg_write	_Z22merge_sort_offchip_hlsPKiPiS1_S1_	5	scratch_b	2	56	4
arg_read	_Z22merge_sort_offchip_hlsPKiPiS1_S1_	3	scratch_a	1	60	4
arg_write	_Z22merge_sort_offchip_hlsPKiPiS1_S1_	5	scratch_b	2	60	4
arg_read	_Z22merge_sort_offchip_hlsPKiPiS1_S1_	2	scratch_a	1	64	4
arg_read	_Z22merge_sort_offchip_hlsPKiPiS1_S1_	3	scratch_a	1	80	4
arg_write	_Z22merge_sort_offchip_hlsPKiPiS1_S1_	4	scratch_b	2	64	4
arg_read	_Z22merge_sort_offchip_hlsPKiPiS1_S1_	2	scratch_a	1	68	4
arg_read	_Z22merge_sort_offchip_hlsPKiPiS1_S1_	3	scratch_a	1	80	4
arg_write	_Z22merge_sort_offchip_hlsPKiPiS1_S1_	4	scratch_b	2	68	4
arg_read	_Z22merge_sort_offchip_hlsPKiPiS1_S1_	2	scratch_a	1	72	4
arg_read	_Z22merge_sort_offchip_hlsPKiPiS1_S1_	3	scratch_a	1	80	4
arg_write	_Z22merge_sort_offchip_hlsPKiPiS1_S1_	5	scratch_b	2	72	4
arg_read	_Z22merge_sort_offchip_hlsPKiPiS1_S1_	2	scratch_a	1	72	4
arg_read	_Z22merge_sort_offchip_hlsPKiPiS1_S1_	3	scratch_a	1	84	4
arg_write	_Z22merge_sort_offchip_hlsPKiPiS1_S1_	4	scratch_b	2	76	4
arg_read	_Z22merge_sort_offchip_hlsPKiPiS1_S1_	2	scratch_a	1	76	4
arg_read	_Z22merge_sort_offchip_hlsPKiPiS1_S1_	3	scratch_a	1	84	4
arg_write	_Z22merge_sort_offchip_hlsPKiPiS1_S1_	5	scratch_b	2	80	4
arg_read	_Z22merge_sort_offchip_hlsPKiPiS1_S1_	2	scratch_a	1	76	4
arg_read	_Z22merge_sort_offchip_hlsPKiPiS1_S1_	3	scratch_a	1	88	4
arg_write	_Z22merge_sort_offchip_hlsPKiPiS1_S1_	4	scratch_b	2	84	4
arg_read	_Z22merge_sort_offchip_hlsPKiPiS1_S1_	3	scratch_a	1	88	4
arg_write	_Z22merge_sort_offchip_hlsPKiPiS1_S1_	5	scratch_b	2	88	4
arg_read	_Z22merge_sort_offchip_hlsPKiPiS1_S1_	3	scratch_a	1	92	4
arg_write	_Z22merge_sort_offchip_hlsPKiPiS1_S1_	5	scratch_b	2	92	4
arg_read	_Z22merge_sort_offchip_hlsPKiPiS1_S1_	2	scratch_a	1	96	4
arg_read	_Z22merge_sort_offchip_hlsPKiPiS1_S1_	3	scratch_a	1	112	4
arg_write	_Z22merge_sort_offchip_hlsPKiPiS1_S1_	5	scratch_b	2	96	4
arg_read	_Z22merge_sort_offchip_hlsPKiPiS1_S1_	2	scratch_a	1	96	4
arg_read	_Z22merge_sort_offchip_hlsPKiPiS1_S1_	3	scratch_a	1	116	4
arg_write	_Z22merge_sort_offchip_hlsPKiPiS1_S1_	4	scratch_b	2	100	4
arg_read	_Z22merge_sort_offchip_hlsPKiPiS1_S1_	2	scratch_a	1	100	4
arg_read	_Z22merge_sort_offchip_hlsPKiPiS1_S1_	3	scratch_a	1	116	4
arg_write	_Z22merge_sort_offchip_hlsPKiPiS1_S1_	4	scratch_b	2	104	4
arg_read	_Z22merge_sort_offchip_hlsPKiPiS1_S1_	2	scratch_a	1	104	4
arg_read	_Z22merge_sort_offchip_hlsPKiPiS1_S1_	3	scratch_a	1	116	4
arg_write	_Z22merge_sort_offchip_hlsPKiPiS1_S1_	5	scratch_b	2	108	4
arg_read	_Z22merge_sort_offchip_hlsPKiPiS1_S1_	2	scratch_a	1	104	4
arg_read	_Z22merge_sort_offchip_hlsPKiPiS1_S1_	3	scratch_a	1	120	4
arg_write	_Z22merge_sort_offchip_hlsPKiPiS1_S1_	5	scratch_b	2	112	4
arg_read	_Z22merge_sort_offchip_hlsPKiPiS1_S1_	2	scratch_a	1	104	4
arg_read	_Z22merge_sort_offchip_hlsPKiPiS1_S1_	3	scratch_a	1	124	4
arg_write	_Z22merge_sort_offchip_hlsPKiPiS1_S1_	4	scratch_b	2	116	4
arg_read	_Z22merge_sort_offchip_hlsPKiPiS1_S1_	2	scratch_a	1	108	4
arg_read	_Z22merge_sort_offchip_hlsPKiPiS1_S1_	3	scratch_a	1	124	4
arg_write	_Z22merge_sort_offchip_hlsPKiPiS1_S1_	4	scratch_b	2	120	4
arg_read	_Z22merge_sort_offchip_hlsPKiPiS1_S1_	3	scratch_a	1	124	4
arg_write	_Z22merge_sort_offchip_hlsPKiPiS1_S1_	5	scratch_b	2	124	4
arg_read	_Z22merge_sort_offchip_hlsPKiPiS1_S1_	2	scratch_a	1	128	4
arg_read	_Z22merge_sort_offchip_hlsPKiPiS1_S1_	3	scratch_a	1	144	4
arg_write	_Z22merge_sort_offchip_hlsPKiPiS1_S1_	4	scratch_b	2	128	4
arg_read	_Z22merge_sort_offchip_hlsPKiPiS1_S1_	2	scratch_a	1	132	4
arg_read	_Z22merge_sort_offchip_hlsPKiPiS1_S1_	3	scratch_a	1	144	4
arg_write	_Z22merge_sort_offchip_hlsPKiPiS1_S1_	5	scratch_b	2	132	4
arg_read	_Z22merge_sort_offchip_hlsPKiPiS1_S1_	2	scratch_a	1	132	4
arg_read	_Z22merge_sort_offchip_hlsPKiPiS1_S1_	3	scratch_a	1	148	4
arg_write	_Z22merge_sort_offchip_hlsPKiPiS1_S1_	5	scratch_b	2	136	4
arg_read	_Z22merge_sort_offchip_hlsPKiPiS1_S1_	2	scratch_a	1	132	4
arg_read	_Z22merge_sort_offchip_hlsPKiPiS1_S1_	3	scratch_a	1	152	4
arg_write	_Z22merge_sort_offchip_hlsPKiPiS1_S1_	4	scratch_b	2	140	4
arg_read	_Z22merge_sort_offchip_hlsPKiPiS1_S1_	2	scratch_a	1	136	4
arg_read	_Z22merge_sort_offchip_hlsPKiPiS1_S1_	3	scratch_a	1	152	4
arg_write	_Z22merge_sort_offchip_hlsPKiPiS1_S1_	5	scratch_b	2	144	4
arg_read	_Z22merge_sort_offchip_hlsPKiPiS1_S1_	2	scratch_a	1	136	4
arg_read	_Z22merge_sort_offchip_hlsPKiPiS1_S1_	3	scratch_a	1	156	4
arg_write	_Z22merge_sort_offchip_hlsPKiPiS1_S1_	5	scratch_b	2	148	4
arg_read	_Z22merge_sort_offchip_hlsPKiPiS1_S1_	2	scratch_a	1	136	4
arg_write	_Z22merge_sort_offchip_hlsPKiPiS1_S1_	4	scratch_b	2	152	4
arg_read	_Z22merge_sort_offchip_hlsPKiPiS1_S1_	2	scratch_a	1	140	4
arg_write	_Z22merge_sort_offchip_hlsPKiPiS1_S1_	4	scratch_b	2	156	4
arg_read	_Z22merge_sort_offchip_hlsPKiPiS1_S1_	2	scratch_a	1	160	4
arg_read	_Z22merge_sort_offchip_hlsPKiPiS1_S1_	3	scratch_a	1	176	4
arg_write	_Z22merge_sort_offchip_hlsPKiPiS1_S1_	5	scratch_b	2	160	4
arg_read	_Z22merge_sort_offchip_hlsPKiPiS1_S1_	2	scratch_a	1	160	4
arg_read	_Z22merge_sort_offchip_hlsPKiPiS1_S1_	3	scratch_a	1	180	4
arg_write	_Z22merge_sort_offchip_hlsPKiPiS1_S1_	5	scratch_b	2	164	4
arg_read	_Z22merge_sort_offchip_hlsPKiPiS1_S1_	2	scratch_a	1	160	4
arg_read	_Z22merge_sort_offchip_hlsPKiPiS1_S1_	3	scratch_a	1	184	4
arg_write	_Z22merge_sort_offchip_hlsPKiPiS1_S1_	5	scratch_b	2	168	4
arg_read	_Z22merge_sort_offchip_hlsPKiPiS1_S1_	2	scratch_a	1	160	4
arg_read	_Z22merge_sort_offchip_hlsPKiPiS1_S1_	3	scratch_a	1	188	4
arg_write	_Z22merge_sort_offchip_hlsPKiPiS1_S1_	4	scratch_b	2	172	4
arg_read	_Z22merge_sort_offchip_hlsPKiPiS1_S1_	2	scratch_a	1	164	4
arg_read	_Z22merge_sort_offchip_hlsPKiPiS1_S1_	3	scratch_a	1	188	4
arg_write	_Z22merge_sort_offchip_hlsPKiPiS1_S1_	4	scratch_b	2	176	4
arg_read	_Z22merge_sort_offchip_hlsPKiPiS1_S1_	2	scratch_a	1	168	4
arg_read	_Z22merge_sort_offchip_hlsPKiPiS1_S1_	3	scratch_a	1	188	4
arg_write	_Z22merge_sort_offchip_hlsPKiPiS1_S1_	4	scratch_b	2	180	4
arg_read	_Z22merge_sort_offchip_hlsPKiPiS1_S1_	2	scratch_a	1	172	4
arg_read	_Z22merge_sort_offchip_hlsPKiPiS1_S1_	3	scratch_a	1	188	4
arg_write	_Z22merge_sort_offchip_hlsPKiPiS1_S1_	4	scratch_b	2	184	4
arg_read	_Z22merge_sort_offchip_hlsPKiPiS1_S1_	3	scratch_a	1	188	4
arg_write	_Z22merge_sort_offchip_hlsPKiPiS1_S1_	5	scratch_b	2	188	4
arg_read	_Z22merge_sort_offchip_hlsPKiPiS1_S1_	2	scratch_a	1	192	4
arg_read	_Z22merge_sort_offchip_hlsPKiPiS1_S1_	3	scratch_a	1	208	4
arg_write	_Z22merge_sort_offchip_hlsPKiPiS1_S1_	5	scratch_b	2	192	4
arg_read	_Z22merge_sort_offchip_hlsPKiPiS1_S1_	2	scratch_a	1	192	4
arg_read	_Z22merge_sort_offchip_hlsPKiPiS1_S1_	3	scratch_a	1	212	4
arg_write	_Z22merge_sort_offchip_hlsPKiPiS1_S1_	4	scratch_b	2	196	4
arg_read	_Z22merge_sort_offchip_hlsPKiPiS1_S1_	2	scratch_a	1	196	4
arg_read	_Z22merge_sort_offchip_hlsPKiPiS1_S1_	3	scratch_a	1	212	4
arg_write	_Z22merge_sort_offchip_hlsPKiPiS1_S1_	4	scratch_b	2	200	4
arg_read	_Z22merge_sort_offchip_hlsPKiPiS1_S1_	2	scratch_a	1	200	4
arg_read	_Z22merge_sort_offchip_hlsPKiPiS1_S1_	3	scratch_a	1	212	4
arg_write	_Z22merge_sort_offchip_hlsPKiPiS1_S1_	4	scratch_b	2	204	4
arg_read	_Z22merge_sort_offchip_hlsPKiPiS1_S1_	2	scratch_a	1	204	4
arg_read	_Z22merge_sort_offchip_hlsPKiPiS1_S1_	3	scratch_a	1	212	4
arg_write	_Z22merge_sort_offchip_hlsPKiPiS1_S1_	5	scratch_b	2	208	4
arg_read	_Z22merge_sort_offchip_hlsPKiPiS1_S1_	2	scratch_a	1	204	4
arg_read	_Z22merge_sort_offchip_hlsPKiPiS1_S1_	3	scratch_a	1	216	4
arg_write	_Z22merge_sort_offchip_hlsPKiPiS1_S1_	5	scratch_b	2	212	4
arg_read	_Z22merge_sort_offchip_hlsPKiPiS1_S1_	2	scratch_a	1	204	4
arg_read	_Z22merge_sort_offchip_hlsPKiPiS1_S1_	3	scratch_a	1	220	4
arg_write	_Z22merge_sort_offchip_hlsPKiPiS1_S1_	5	scratch_b	2	216	4
arg_read	_Z22merge_sort_offchip_hlsPKiPiS1_S1_	2	scratch_a	1	204	4
arg_write	_Z22merge_sort_offchip_hlsPKiPiS1_S1_	4	scratch_b	2	220	4
arg_read	_Z22merge_sort_offchip_hlsPKiPiS1_S1_	2	scratch_a	1	224	4
arg_read	_Z22merge_sort_offchip_hlsPKiPiS1_S1_	3	scratch_a	1	240	4
arg_write	_Z22merge_sort_offchip_hlsPKiPiS1_S1_	5	scratch_b	2	224	4
arg_read	_Z22merge_sort_offchip_hlsPKiPiS1_S1_	2	scratch_a	1	224	4
arg_read	_Z22merge_sort_offchip_hlsPKiPiS1_S1_	3	scratch_a	1	244	4
arg_write	_Z22merge_sort_offchip_hlsPKiPiS1_S1_	4	scratch_b	2	228	4
arg_read	_Z22merge_sort_offchip_hlsPKiPiS1_S1_	2	scratch_a	1	228	4
arg_read	_Z22merge_sort_offchip_hlsPKiPiS1_S1_	3	scratch_a	1	244	4
arg_write	_Z22merge_sort_offchip_hlsPKiPiS1_S1_	5	scratch_b	2	232	4
arg_read	_Z22merge_sort_offchip_hlsPKiPiS1_S1_	2	scratch_a	1	228	4
arg_read	_Z22merge_sort_offchip_hlsPKiPiS1_S1_	3	scratch_a	1	248	4
arg_write	_Z22merge_sort_offchip_hlsPKiPiS1_S1_	5	scratch_b	2	236	4
arg_read	_Z22merge_sort_offchip_hlsPKiPiS1_S1_	2	scratch_a	1	228	4
arg_read	_Z22merge_sort_offchip_hlsPKiPiS1_S1_	3	scratch_a	1	252	4
arg_write	_Z22merge_sort_offchip_hlsPKiPiS1_S1_	4	scratch_b	2	240	4
arg_read	_Z22merge_sort_offchip_hlsPKiPiS1_S1_	2	scratch_a	1	232	4
arg_read	_Z22merge_sort_offchip_hlsPKiPiS1_S1_	3	scratch_a	1	252	4
arg_write	_Z22merge_sort_offchip_hlsPKiPiS1_S1_	4	scratch_b	2	244	4
arg_read	_Z22merge_sort_offchip_hlsPKiPiS1_S1_	2	scratch_a	1	236	4
arg_read	_Z22merge_sort_offchip_hlsPKiPiS1_S1_	3	scratch_a	1	252	4
arg_write	_Z22merge_sort_offchip_hlsPKiPiS1_S1_	4	scratch_b	2	248	4
arg_read	_Z22merge_sort_offchip_hlsPKiPiS1_S1_	3	scratch_a	1	252	4
arg_write	_Z22merge_sort_offchip_hlsPKiPiS1_S1_	5	scratch_b	2	252	4
arg_read	_Z22merge_sort_offchip_hlsPKiPiS1_S1_	6	scratch_b	2	0	4
arg_read	_Z22merge_sort_offchip_hlsPKiPiS1_S1_	7	scratch_b	2	32	4
arg_write	_Z22merge_sort_offchip_hlsPKiPiS1_S1_	8	scratch_a	1	0	4
arg_read	_Z22merge_sort_offchip_hlsPKiPiS1_S1_	6	scratch_b	2	4	4
arg_read	_Z22merge_sort_offchip_hlsPKiPiS1_S1_	7	scratch_b	2	32	4
arg_write	_Z22merge_sort_offchip_hlsPKiPiS1_S1_	9	scratch_a	1	4	4
arg_read	_Z22merge_sort_offchip_hlsPKiPiS1_S1_	6	scratch_b	2	4	4
arg_read	_Z22merge_sort_offchip_hlsPKiPiS1_S1_	7	scratch_b	2	36	4
arg_write	_Z22merge_sort_offchip_hlsPKiPiS1_S1_	9	scratch_a	1	8	4
arg_read	_Z22merge_sort_offchip_hlsPKiPiS1_S1_	6	scratch_b	2	4	4
arg_read	_Z22merge_sort_offchip_hlsPKiPiS1_S1_	7	scratch_b	2	40	4
arg_write	_Z22merge_sort_offchip_hlsPKiPiS1_S1_	8	scratch_a	1	12	4
arg_read	_Z22merge_sort_offchip_hlsPKiPiS1_S1_	6	scratch_b	2	8	4
arg_read	_Z22merge_sort_offchip_hlsPKiPiS1_S1_	7	scratch_b	2	40	4
arg_write	_Z22merge_sort_offchip_hlsPKiPiS1_S1_	8	scratch_a	1	16	4
arg_read	_Z22merge_sort_offchip_hlsPKiPiS1_S1_	6	scratch_b	2	12	4
arg_read	_Z22merge_sort_offchip_hlsPKiPiS1_S1_	7	scratch_b	2	40	4
arg_write	_Z22merge_sort_offchip_hlsPKiPiS1_S1_	8	scratch_a	1	20	4
arg_read	_Z22merge_sort_offchip_hlsPKiPiS1_S1_	6	scratch_b	2	16	4
arg_read	_Z22merge_sort_offchip_hlsPKiPiS1_S1_	7	scratch_b	2	40	4
arg_write	_Z22merge_sort_offchip_hlsPKiPiS1_S1_	9	scratch_a	1	24	4
arg_read	_Z22merge_sort_offchip_hlsPKiPiS1_S1_	6	scratch_b	2	16	4
arg_read	_Z22merge_sort_offchip_hlsPKiPiS1_S1_	7	scratch_b	2	44	4
arg_write	_Z22merge_sort_offchip_hlsPKiPiS1_S1_	9	scratch_a	1	28	4
arg_read	_Z22merge_sort_offchip_hlsPKiPiS1_S1_	6	scratch_b	2	16	4
arg_read	_Z22merge_sort_offchip_hlsPKiPiS1_S1_	7	scratch_b	2	48	4
arg_write	_Z22merge_sort_offchip_hlsPKiPiS1_S1_	8	scratch_a	1	32	4
arg_read	_Z22merge_sort_offchip_hlsPKiPiS1_S1_	6	scratch_b	2	20	4
arg_read	_Z22merge_sort_offchip_hlsPKiPiS1_S1_	7	scratch_b	2	48	4
arg_write	_Z22merge_sort_offchip_hlsPKiPiS1_S1_	9	scratch_a	1	36	4
arg_read	_Z22merge_sort_offchip_hlsPKiPiS1_S1_	6	scratch_b	2	20	4
arg_read	_Z22merge_sort_offchip_hlsPKiPiS1_S1_	7	scratch_b	2	52	4
arg_write	_Z22merge_sort_offchip_hlsPKiPiS1_S1_	9	scratch_a	1	40	4
arg_read	_Z22merge_sort_offchip_hlsPKiPiS1_S1_	6	scratch_b	2	20	4
arg_read	_Z22merge_sort_offchip_hlsPKiPiS1_S1_	7	scratch_b	2	56	4
arg_write	_Z22merge_sort_offchip_hlsPKiPiS1_S1_	8	scratch_a	1	44	4
arg_read	_Z22merge_sort_offchip_hlsPKiPiS1_S1_	6	scratch_b	2	24	4
arg_read	_Z22merge_sort_offchip_hlsPKiPiS1_S1_	7	scratch_b	2	56	4
arg_write	_Z22merge_sort_offchip_hlsPKiPiS1_S1_	9	scratch_a	1	48	4
arg_read	_Z22merge_sort_offchip_hlsPKiPiS1_S1_	6	scratch_b	2	24	4
arg_read	_Z22merge_sort_offchip_hlsPKiPiS1_S1_	7	scratch_b	2	60	4
arg_write	_Z22merge_sort_offchip_hlsPKiPiS1_S1_	8	scratch_a	1	52	4
arg_read	_Z22merge_sort_offchip_hlsPKiPiS1_S1_	6	scratch_b	2	28	4
arg_read	_Z22merge_sort_offchip_hlsPKiPiS1_S1_	7	scratch_b	2	60	4
arg_write	_Z22merge_sort_offchip_hlsPKiPiS1_S1_	8	scratch_a	1	56	4
arg_read	_Z22merge_sort_offchip_hlsPKiPiS1_S1_	7	scratch_b	2	60	4
arg_write	_Z22merge_sort_offchip_hlsPKiPiS1_S1_	9	scratch_a	1	60	4
arg_read	_Z22merge_sort_offchip_hlsPKiPiS1_S1_	6	scratch_b	2	64	4
arg_read	_Z22merge_sort_offchip_hlsPKiPiS1_S1_	7	scratch_b	2	96	4
arg_write	_Z22merge_sort_offchip_hlsPKiPiS1_S1_	9	scratch_a	1	64	4
arg_read	_Z22merge_sort_offchip_hlsPKiPiS1_S1_	6	scratch_b	2	64	4
arg_read	_Z22merge_sort_offchip_hlsPKiPiS1_S1_	7	scratch_b	2	100	4
arg_write	_Z22merge_sort_offchip_hlsPKiPiS1_S1_	8	scratch_a	1	68	4
arg_read	_Z22merge_sort_offchip_hlsPKiPiS1_S1_	6	scratch_b	2	68	4
arg_read	_Z22merge_sort_offchip_hlsPKiPiS1_S1_	7	scratch_b	2	100	4
arg_write	_Z22merge_sort_offchip_hlsPKiPiS1_S1_	9	scratch_a	1	72	4
arg_read	_Z22merge_sort_offchip_hlsPKiPiS1_S1_	6	scratch_b	2	68	4
arg_read	_Z22merge_sort_offchip_hlsPKiPiS1_S1_	7	scratch_b	2	104	4
arg_write	_Z22merge_sort_offchip_hlsPKiPiS1_S1_	9	scratch_a	1	76	4
arg_read	_Z22merge_sort_offchip_hlsPKiPiS1_S1_	6	scratch_b	2	68	4
arg_read	_Z22merge_sort_offchip_hlsPKiPiS1_S1_	7	scratch_b	2	108	4
arg_write	_Z22merge_sort_offchip_hlsPKiPiS1_S1_	8	scratch_a	1	80	4
arg_read	_Z22merge_sort_offchip_hlsPKiPiS1_S1_	6	scratch_b	2	72	4
arg_read	_Z22merge_sort_offchip_hlsPKiPiS1_S1_	7	scratch_b	2	108	4
arg_write	_Z22merge_sort_offchip_hlsPKiPiS1_S1_	9	scratch_a	1	84	4
arg_read	_Z22merge_sort_offchip_hlsPKiPiS1_S1_	6	scratch_b	2	72	4
arg_read	_Z22merge_sort_offchip_hlsPKiPiS1_S1_	7	scratch_b	2	112	4
arg_write	_Z22merge_sort_offchip_hlsPKiPiS1_S1_	8	scratch_a	1	88	4
arg_read	_Z22merge_sort_offchip_hlsPKiPiS1_S1_	6	scratch_b	2	76	4
arg_read	_Z22merge_sort_offchip_hlsPKiPiS1_S1_	7	scratch_b	2	112	4
arg_write	_Z22merge_sort_offchip_hlsPKiPiS1_S1_	9	scratch_a	1	92	4
arg_read	_Z22merge_sort_offchip_hlsPKiPiS1_S1_	6	scratch_b	2	76	4
arg_read	_Z22merge_sort_offchip_hlsPKiPiS1_S1_	7	scratch_b	2	116	4
arg_write	_Z22merge_sort_offchip_hlsPKiPiS1_S1_	8	scratch_a	1	96	4
arg_read	_Z22merge_sort_offchip_hlsPKiPiS1_S1_	6	scratch_b	2	80	4
arg_read	_Z22merge_sort_offchip_hlsPKiPiS1_S1_	7	scratch_b	2	116	4
arg_write	_Z22merge_sort_offchip_hlsPKiPiS1_S1_	8	scratch_a	1	100	4
arg_read	_Z22merge_sort_offchip_hlsPKiPiS1_S1_	6	scratch_b	2	84	4
arg_read	_Z22merge_sort_offchip_hlsPKiPiS1_S1_	7	scratch_b	2	116	4
arg_write	_Z22merge_sort_offchip_hlsPKiPiS1_S1_	9	scratch_a	1	104	4
arg_read	_Z22merge_sort_offchip_hlsPKiPiS1_S1_	6	scratch_b	2	84	4
arg_read	_Z22merge_sort_offchip_hlsPKiPiS1_S1_	7	scratch_b	2	120	4
arg_write	_Z22merge_sort_offchip_hlsPKiPiS1_S1_	9	scratch_a	1	108	4
arg_read	_Z22merge_sort_offchip_hlsPKiPiS1_S1_	6	scratch_b	2	84	4
arg_read	_Z22merge_sort_offchip_hlsPKiPiS1_S1_	7	scratch_b	2	124	4
arg_write	_Z22merge_sort_offchip_hlsPKiPiS1_S1_	9	scratch_a	1	112	4
arg_read	_Z22merge_sort_offchip_hlsPKiPiS1_S1_	6	scratch_b	2	84	4
arg_write	_Z22merge_sort_offchip_hlsPKiPiS1_S1_	8	scratch_a	1	116	4
arg_read	_Z22merge_sort_offchip_hlsPKiPiS1_S1_	6	scratch_b	2	88	4
arg_write	_Z22merge_sort_offchip_hlsPKiPiS1_S1_	8	scratch_a	1	120	4
arg_read	_Z22merge_sort_offchip_hlsPKiPiS1_S1_	6	scratch_b	2	92	4
arg_write	_Z22merge_sort_offchip_hlsPKiPiS1_S1_	8	scratch_a	1	124	4
arg_read	_Z22merge_sort_offchip_hlsPKiPiS1_S1_	6	scratch_b	2	128	4
arg_read	_Z22merge_sort_offchip_hlsPKiPiS1_S1_	7	scratch_b	2	160	4
arg_write	_Z22merge_sort_offchip_hlsPKiPiS1_S1_	8	scratch_a	1	128	4
arg_read	_Z22merge_sort_offchip_hlsPKiPiS1_S1_	6	scratch_b	2	132	4
arg_read	_Z22merge_sort_offchip_hlsPKiPiS1_S1_	7	scratch_b	2	160	4
arg_write	_Z22merge_sort_offchip_hlsPKiPiS1_S1_	9	scratch_a	1	132	4
arg_read	_Z22merge_sort_offchip_hlsPKiPiS1_S1_	6	scratch_b	2	132	4
arg_read	_Z22merge_sort_offchip_hlsPKiPiS1_S1_	7	scratch_b	2	164	4
arg_write	_Z22merge_sort_offchip_hlsPKiPiS1_S1_	8	scratch_a	1	136	4
arg_read	_Z22merge_sort_offchip_hlsPKiPiS1_S1_	6	scratch_b	2	136	4
arg_read	_Z22merge_sort_offchip_hlsPKiPiS1_S1_	7	scratch_b	2	164	4
arg_write	_Z22merge_sort_offchip_hlsPKiPiS1_S1_	9	scratch_a	1	140	4
arg_read	_Z22merge_sort_offchip_hlsPKiPiS1_S1_	6	scratch_b	2	136	4
arg_read	_Z22merge_sort_offchip_hlsPKiPiS1_S1_	7	scratch_b	2	168	4
arg_write	_Z22merge_sort_offchip_hlsPKiPiS1_S1_	8	scratch_a	1	144	4
arg_read	_Z22merge_sort_offchip_hlsPKiPiS1_S1_	6	scratch_b	2	140	4
arg_read	_Z22merge_sort_offchip_hlsPKiPiS1_S1_	7	scratch_b	2	168	4
arg_write	_Z22merge_sort_offchip_hlsPKiPiS1_S1_	8	scratch_a	1	148	4
arg_read	_Z22merge_sort_offchip_hlsPKiPiS1_S1_	6	scratch_b	2	144	4
arg_read	_Z22merge_sort_offchip_hlsPKiPiS1_S1_	7	scratch_b	2	168	4
arg_write	_Z22merge_sort_offchip_hlsPKiPiS1_S1_	8	scratch_a	1	152	4
arg_read	_Z22merge_sort_offchip_hlsPKiPiS1_S1_	6	scratch_b	2	148	4
arg_read	_Z22merge_sort_offchip_hlsPKiPiS1_S1_	7	scratch_b	2	168	4
arg_write	_Z22merge_sort_offchip_hlsPKiPiS1_S1_	8	scratch_a	1	156	4
arg_read	_Z22merge_sort_offchip_hlsPKiPiS1_S1_	6	scratch_b	2	152	4
arg_read	_Z22merge_sort_offchip_hlsPKiPiS1_S1_	7	scratch_b	2	168	4
arg_write	_Z22merge_sort_offchip_hlsPKiPiS1_S1_	9	scratch_a	1	160	4
arg_read	_Z22merge_sort_offchip_hlsPKiPiS1_S1_	6	scratch_b	2	152	4
arg_read	_Z22merge_sort_offchip_hlsPKiPiS1_S1_	7	scratch_b	2	172	4
arg_write	_Z22merge_sort_offchip_hlsPKiPiS1_S1_	9	scratch_a	1	164	4
arg_read	_Z22merge_sort_offchip_hlsPKiPiS1_S1_	6	scratch_b	2	152	4
arg_read	_Z22merge_sort_offchip_hlsPKiPiS1_S1_	7	scratch_b	2	176	4
arg_write	_Z22merge_sort_offchip_hlsPKiPiS1_S1_	8	scratch_a	1	168	4
arg_read	_Z22merge_sort_offchip_hlsPKiPiS1_S1_	6	scratch_b	2	156	4
arg_read	_Z22merge_sort_offchip_hlsPKiPiS1_S1_	7	scratch_b	2	176	4
arg_write	_Z22merge_sort_offchip_hlsPKiPiS1_S1_	9	scratch_a	1	172	4
arg_read	_Z22merge_sort_offchip_hlsPKiPiS1_S1_	6	scratch_b	2	156	4
arg_read	_Z22merge_sort_offchip_hlsPKiPiS1_S1_	7	scratch_b	2	180	4
arg_write	_Z22merge_sort_offchip_hlsPKiPiS1_S1_	9	scratch_a	1	176	4
arg_read	_Z22merge_sort_offchip_hlsPKiPiS1_S1_	6	scratch_b	2	156	4
arg_read	_Z22merge_sort_offchip_hlsPKiPiS1_S1_	7	scratch_b	2	184	4
arg_write	_Z22merge_sort_offchip_hlsPKiPiS1_S1_	9	scratch_a	1	180	4
arg_read	_Z22merge_sort_offchip_hlsPKiPiS1_S1_	6	scratch_b	2	156	4
arg_read	_Z22merge_sort_offchip_hlsPKiPiS1_S1_	7	scratch_b	2	188	4
arg_write	_Z22merge_sort_offchip_hlsPKiPiS1_S1_	9	scratch_a	1	184	4
arg_read	_Z22merge_sort_offchip_hlsPKiPiS1_S1_	6	scratch_b	2	156	4
arg_write	_Z22merge_sort_offchip_hlsPKiPiS1_S1_	8	scratch_a	1	188	4
arg_read	_Z22merge_sort_offchip_hlsPKiPiS1_S1_	6	scratch_b	2	192	4
arg_read	_Z22merge_sort_offchip_hlsPKiPiS1_S1_	7	scratch_b	2	224	4
arg_write	_Z22merge_sort_offchip_hlsPKiPiS1_S1_	9	scratch_a	1	192	4
arg_read	_Z22merge_sort_offchip_hlsPKiPiS1_S1_	6	scratch_b	2	192	4
arg_read	_Z22merge_sort_offchip_hlsPKiPiS1_S1_	7	scratch_b	2	228	4
arg_write	_Z22merge_sort_offchip_hlsPKiPiS1_S1_	8	scratch_a	1	196	4
arg_read	_Z22merge_sort_offchip_hlsPKiPiS1_S1_	6	scratch_b	2	196	4
arg_read	_Z22merge_sort_offchip_hlsPKiPiS1_S1_	7	scratch_b	2	228	4
arg_write	_Z22merge_sort_offchip_hlsPKiPiS1_S1_	8	scratch_a	1	200	4
arg_read	_Z22merge_sort_offchip_hlsPKiPiS1_S1_	6	scratch_b	2	200	4
arg_read	_Z22merge_sort_offchip_hlsPKiPiS1_S1_	7	scratch_b	2	228	4
arg_write	_Z22merge_sort_offchip_hlsPKiPiS1_S1_	9	scratch_a	1	204	4
arg_read	_Z22merge_sort_offchip_hlsPKiPiS1_S1_	6	scratch_b	2	200	4
arg_read	_Z22merge_sort_offchip_hlsPKiPiS1_S1_	7	scratch_b	2	232	4
arg_write	_Z22merge_sort_offchip_hlsPKiPiS1_S1_	8	scratch_a	1	208	4
arg_read	_Z22merge_sort_offchip_hlsPKiPiS1_S1_	6	scratch_b	2	204	4
arg_read	_Z22merge_sort_offchip_hlsPKiPiS1_S1_	7	scratch_b	2	232	4
arg_write	_Z22merge_sort_offchip_hlsPKiPiS1_S1_	9	scratch_a	1	212	4
arg_read	_Z22merge_sort_offchip_hlsPKiPiS1_S1_	6	scratch_b	2	204	4
arg_read	_Z22merge_sort_offchip_hlsPKiPiS1_S1_	7	scratch_b	2	236	4
arg_write	_Z22merge_sort_offchip_hlsPKiPiS1_S1_	9	scratch_a	1	216	4
arg_read	_Z22merge_sort_offchip_hlsPKiPiS1_S1_	6	scratch_b	2	204	4
arg_read	_Z22merge_sort_offchip_hlsPKiPiS1_S1_	7	scratch_b	2	240	4
arg_write	_Z22merge_sort_offchip_hlsPKiPiS1_S1_	8	scratch_a	1	220	4
arg_read	_Z22merge_sort_offchip_hlsPKiPiS1_S1_	6	scratch_b	2	208	4
arg_read	_Z22merge_sort_offchip_hlsPKiPiS1_S1_	7	scratch_b	2	240	4
arg_write	_Z22merge_sort_offchip_hlsPKiPiS1_S1_	9	scratch_a	1	224	4
arg_read	_Z22merge_sort_offchip_hlsPKiPiS1_S1_	6	scratch_b	2	208	4
arg_read	_Z22merge_sort_offchip_hlsPKiPiS1_S1_	7	scratch_b	2	244	4
arg_write	_Z22merge_sort_offchip_hlsPKiPiS1_S1_	9	scratch_a	1	228	4
arg_read	_Z22merge_sort_offchip_hlsPKiPiS1_S1_	6	scratch_b	2	208	4
arg_read	_Z22merge_sort_offchip_hlsPKiPiS1_S1_	7	scratch_b	2	248	4
arg_write	_Z22merge_sort_offchip_hlsPKiPiS1_S1_	8	scratch_a	1	232	4
arg_read	_Z22merge_sort_offchip_hlsPKiPiS1_S1_	6	scratch_b	2	212	4
arg_read	_Z22merge_sort_offchip_hlsPKiPiS1_S1_	7	scratch_b	2	248	4
arg_write	_Z22merge_sort_offchip_hlsPKiPiS1_S1_	9	scratch_a	1	236	4
arg_read	_Z22merge_sort_offchip_hlsPKiPiS1_S1_	6	scratch_b	2	212	4
arg_read	_Z22merge_sort_offchip_hlsPKiPiS1_S1_	7	scratch_b	2	252	4
arg_write	_Z22merge_sort_offchip_hlsPKiPiS1_S1_	8	scratch_a	1	240	4
arg_read	_Z22merge_sort_offchip_hlsPKiPiS1_S1_	6	scratch_b	2	216	4
arg_read	_Z22merge_sort_offchip_hlsPKiPiS1_S1_	7	scratch_b	2	252	4
arg_write	_Z22merge_sort_offchip_hlsPKiPiS1_S1_	8	scratch_a	1	244	4
arg_read	_Z22merge_sort_offchip_hlsPKiPiS1_S1_	6	scratch_b	2	220	4
arg_read	_Z22merge_sort_offchip_hlsPKiPiS1_S1_	7	scratch_b	2	252	4
arg_write	_Z22merge_sort_offchip_hlsPKiPiS1_S1_	9	scratch_a	1	248	4
arg_read	_Z22merge_sort_offchip_hlsPKiPiS1_S1_	6	scratch_b	2	220	4
arg_write	_Z22merge_sort_offchip_hlsPKiPiS1_S1_	8	scratch_a	1	252	4
arg_read	_Z22merge_sort_offchip_hlsPKiPiS1_S1_	2	scratch_a	1	0	4
arg_read	_Z22merge_sort_offchip_hlsPKiPiS1_S1_	3	scratch_a	1	64	4
arg_write	_Z22merge_sort_offchip_hlsPKiPiS1_S1_	5	scratch_b	2	0	4
arg_read	_Z22merge_sort_offchip_hlsPKiPiS1_S1_	2	scratch_a	1	0	4
arg_read	_Z22merge_sort_offchip_hlsPKiPiS1_S1_	3	scratch_a	1	68	4
arg_write	_Z22merge_sort_offchip_hlsPKiPiS1_S1_	4	scratch_b	2	4	4
arg_read	_Z22merge_sort_offchip_hlsPKiPiS1_S1_	2	scratch_a	1	4	4
arg_read	_Z22merge_sort_offchip_hlsPKiPiS1_S1_	3	scratch_a	1	68	4
arg_write	_Z22merge_sort_offchip_hlsPKiPiS1_S1_	4	scratch_b	2	8	4
arg_read	_Z22merge_sort_offchip_hlsPKiPiS1_S1_	2	scratch_a	1	8	4
arg_read	_Z22merge_sort_offchip_hlsPKiPiS1_S1_	3	scratch_a	1	68	4
arg_write	_Z22merge_sort_offchip_hlsPKiPiS1_S1_	5	scratch_b	2	12	4
arg_read	_Z22merge_sort_offchip_hlsPKiPiS1_S1_	2	scratch_a	1	8	4
arg_read	_Z22merge_sort_offchip_hlsPKiPiS1_S1_	3	scratch_a	1	72	4
arg_write	_Z22merge_sort_offchip_hlsPKiPiS1_S1_	5	scratch_b	2	16	4
arg_read	_Z22merge_sort_offchip_hlsPKiPiS1_S1_	2	scratch_a	1	8	4
arg_read	_Z22merge_sort_offchip_hlsPKiPiS1_S1_	3	scratch_a	1	76	4
arg_write	_Z22merge_sort_offchip_hlsPKiPiS1_S1_	4	scratch_b	2	20	4
arg_read	_Z22merge_sort_offchip_hlsPKiPiS1_S1_	2	scratch_a	1	12	4
arg_read	_Z22merge_sort_offchip_hlsPKiPiS1_S1_	3	scratch_a	1	76	4
arg_write	_Z22merge_sort_offchip_hlsPKiPiS1_S1_	5	scratch_b	2	24	4
arg_read	_Z22merge_sort_offchip_hlsPKiPiS1_S1_	2	scratch_a	1	12	4
arg_read	_Z22merge_sort_offchip_hlsPKiPiS1_S1_	3	scratch_a	1	80	4
arg_write	_Z22merge_sort_offchip_hlsPKiPiS1_S1_	4	scratch_b	2	28	4
arg_read	_Z22merge_sort_offchip_hlsPKiPiS1_S1_	2	scratch_a	1	16	4
arg_read	_Z22merge_sort_offchip_hlsPKiPiS1_S1_	3	scratch_a	1	80	4
arg_write	_Z22merge_sort_offchip_hlsPKiPiS1_S1_	5	scratch_b	2	32	4
arg_read	_Z22merge_sort_offchip_hlsPKiPiS1_S1_	2	scratch_a	1	16	4
arg_read	_Z22merge_sort_offchip_hlsPKiPiS1_S1_	3	scratch_a	1	84	4
arg_write	_Z22merge_sort_offchip_hlsPKiPiS1_S1_	4	scratch_b	2	36	4
arg_read	_Z22merge_sort_offchip_hlsPKiPiS1_S1_	2	scratch_a	1	20	4
arg_read	_Z22merge_sort_offchip_hlsPKiPiS1_S1_	3	scratch_a	1	84	4
arg_write	_Z22merge_sort_offchip_hlsPKiPiS1_S1_	4	scratch_b	2	40	4
arg_read	_Z22merge_sort_offchip_hlsPKiPiS1_S1_	2	scratch_a	1	24	4
arg_read	_Z22merge_sort_offchip_hlsPKiPiS1_S1_	3	scratch_a	1	84	4
arg_write	_Z22merge_sort_offchip_hlsPKiPiS1_S1_	4	scratch_b	2	44	4
arg_read	_Z22merge_sort_offchip_hlsPKiPiS1_S1_	2	scratch_a	1	28	4
arg_read	_Z22merge_sort_offchip_hlsPKiPiS1_S1_	3	scratch_a	1	84	4
arg_write	_Z22merge_sort_offchip_hlsPKiPiS1_S1_	5	scratch_b	2	48	4
arg_read	_Z22merge_sort_offchip_hlsPKiPiS1_S1_	2	scratch_a	1	28	4
arg_read	_Z22merge_sort_offchip_hlsPKiPiS1_S1_	3	scratch_a	1	88	4
arg_write	_Z22merge_sort_offchip_hlsPKiPiS1_S1_	5	scratch_b	2	52	4
arg_read	_Z22merge_sort_offchip_hlsPKiPiS1_S1_	2	scratch_a	1	28	4
arg_read	_Z22merge_sort_offchip_hlsPKiPiS1_S1_	3	scratch_a	1	92	4
arg_write	_Z22merge_sort_offchip_hlsPKiPiS1_S1_	4	scratch_b	2	56	4
arg_read	_Z22merge_sort_offchip_hlsPKiPiS1_S1_	2	scratch_a	1	32	4
arg_read	_Z22merge_sort_offchip_hlsPKiPiS1_S1_	3	scratch_a	1	92	4
arg_write	_Z22merge_sort_offchip_hlsPKiPiS1_S1_	5	scratch_b	2	60	4
arg_read	_Z22merge_sort_offchip_hlsPKiPiS1_S1_	2	scratch_a	1	32	4
arg_read	_Z22merge_sort_offchip_hlsPKiPiS1_S1_	3	scratch_a	1	96	4
arg_write	_Z22merge_sort_offchip_hlsPKiPiS1_S1_	4	scratch_b	2	64	4
arg_read	_Z22merge_sort_offchip_hlsPKiPiS1_S1_	2	scratch_a	1	36	4
arg_read	_Z22merge_sort_offchip_hlsPKiPiS1_S1_	3	scratch_a	1	96	4
arg_write	_Z22merge_sort_offchip_hlsPKiPiS1_S1_	5	scratch_b	2	68	4
arg_read	_Z22merge_sort_offchip_hlsPKiPiS1_S1_	2	scratch_a	1	36	4
arg_read	_Z22merge_sort_offchip_hlsPKiPiS1_S1_	3	scratch_a	1	100	4
arg_write	_Z22merge_sort_offchip_hlsPKiPiS1_S1_	5	scratch_b	2	72	4
arg_read	_Z22merge_sort_offchip_hlsPKiPiS1_S1_	2	scratch_a	1	36	4
arg_read	_Z22merge_sort_offchip_hlsPKiPiS1_S1_	3	scratch_a	1	104	4
arg_write	_Z22merge_sort_offchip_hlsPKiPiS1_S1_	4	scratch_b	2	76	4
arg_read	_Z22merge_sort_offchip_hlsPKiPiS1_S1_	2	scratch_a	1	40	4
arg_read	_Z22merge_sort_offchip_hlsPKiPiS1_S1_	3	scratch_a	1	104	4
arg_write	_Z22merge_sort_offchip_hlsPKiPiS1_S1_	4	scratch_b	2	80	4
arg_read	_Z22merge_sort_offchip_hlsPKiPiS1_S1_	2	scratch_a	1	44	4
arg_read	_Z22merge_sort_offchip_hlsPKiPiS1_S1_	3	scratch_a	1	104	4
arg_write	_Z22merge_sort_offchip_hlsPKiPiS1_S1_	5	scratch_b	2	84	4
arg_read	_Z22merge_sort_offchip_hlsPKiPiS1_S1_	2	scratch_a	1	44	4
arg_read	_Z22merge_sort_offchip_hlsPKiPiS1_S1_	3	scratch_a	1	108	4
arg_write	_Z22merge_sort_offchip_hlsPKiPiS1_S1_	5	scratch_b	2	88	4
arg_read	_Z22merge_sort_offchip_hlsPKiPiS1_S1_	2	scratch_a	1	44	4
arg_read	_Z22merge_sort_offchip_hlsPKiPiS1_S1_	3	scratch_a	1	112	4
arg_write	_Z22merge_sort_offchip_hlsPKiPiS1_S1_	5	scratch_b	2	92	4
arg_read	_Z22merge_sort_offchip_hlsPKiPiS1_S1_	2	scratch_a	1	44	4
arg_read	_Z22merge_sort_offchip_hlsPKiPiS1_S1_	3	scratch_a	1	116	4
arg_write	_Z22merge_sort_offchip_hlsPKiPiS1_S1_	4	scratch_b	2	96	4
arg_read	_Z22merge_sort_offchip_hlsPKiPiS1_S1_	2	scratch_a	1	48	4
arg_read	_Z22merge_sort_offchip_hlsPKiPiS1_S1_	3	scratch_a	1	116	4
arg_write	_Z22merge_sort_offchip_hlsPKiPiS1_S1_	4	scratch_b	2	100	4
arg_read	_Z22merge_sort_offchip_hlsPKiPiS1_S1_	2	scratch_a	1	52	4
arg_read	_Z22merge_sort_offchip_hlsPKiPiS1_S1_	3	scratch_a	1	116	4
arg_write	_Z22merge_sort_offchip_hlsPKiPiS1_S1_	5	scratch_b	2	104	4
arg_read	_Z22merge_sort_offchip_hlsPKiPiS1_S1_	2	scratch_a	1	52	4
arg_read	_Z22merge_sort_offchip_hlsPKiPiS1_S1_	3	scratch_a	1	120	4
arg_write	_Z22merge_sort_offchip_hlsPKiPiS1_S1_	5	scratch_b	2	108	4
arg_read	_Z22merge_sort_offchip_hlsPKiPiS1_S1_	2	scratch_a	1	52	4
arg_read	_Z22merge_sort_offchip_hlsPKiPiS1_S1_	3	scratch_a	1	124	4
arg_write	_Z22merge_sort_offchip_hlsPKiPiS1_S1_	5	scratch_b	2	112	4
arg_read	_Z22merge_sort_offchip_hlsPKiPiS1_S1_	2	scratch_a	1	52	4
arg_write	_Z22merge_sort_offchip_hlsPKiPiS1_S1_	4	scratch_b	2	116	4
arg_read	_Z22merge_sort_offchip_hlsPKiPiS1_S1_	2	scratch_a	1	56	4
arg_write	_Z22merge_sort_offchip_hlsPKiPiS1_S1_	4	scratch_b	2	120	4
arg_read	_Z22merge_sort_offchip_hlsPKiPiS1_S1_	2	scratch_a	1	60	4
arg_write	_Z22merge_sort_offchip_hlsPKiPiS1_S1_	4	scratch_b	2	124	4
arg_read	_Z22merge_sort_offchip_hlsPKiPiS1_S1_	2	scratch_a	1	128	4
arg_read	_Z22merge_sort_offchip_hlsPKiPiS1_S1_	3	scratch_a	1	192	4
arg_write	_Z22merge_sort_offchip_hlsPKiPiS1_S1_	4	scratch_b	2	128	4
arg_read	_Z22merge_sort_offchip_hlsPKiPiS1_S1_	2	scratch_a	1	132	4
arg_read	_Z22merge_sort_offchip_hlsPKiPiS1_S1_	3	scratch_a	1	192	4
arg_write	_Z22merge_sort_offchip_hlsPKiPiS1_S1_	4	scratch_b	2	132	4
arg_read	_Z22merge_sort_offchip_hlsPKiPiS1_S1_	2	scratch_a	1	136	4
arg_read	_Z22merge_sort_offchip_hlsPKiPiS1_S1_	3	scratch_a	1	192	4
arg_write	_Z22merge_sort_offchip_hlsPKiPiS1_S1_	4	scratch_b	2	136	4
arg_read	_Z22merge_sort_offchip_hlsPKiPiS1_S1_	2	scratch_a	1	140	4
arg_read	_Z22merge_sort_offchip_hlsPKiPiS1_S1_	3	scratch_a	1	192	4
arg_write	_Z22merge_sort_offchip_hlsPKiPiS1_S1_	4	scratch_b	2	140	4
arg_read	_Z22merge_sort_offchip_hlsPKiPiS1_S1_	2	scratch_a	1	144	4
arg_read	_Z22merge_sort_offchip_hlsPKiPiS1_S1_	3	scratch_a	1	192	4
arg_write	_Z22merge_sort_offchip_hlsPKiPiS1_S1_	5	scratch_b	2	144	4
arg_read	_Z22merge_sort_offchip_hlsPKiPiS1_S1_	2	scratch_a	1	144	4
arg_read	_Z22merge_sort_offchip_hlsPKiPiS1_S1_	3	scratch_a	1	196	4
arg_write	_Z22merge_sort_offchip_hlsPKiPiS1_S1_	5	scratch_b	2	148	4
arg_read	_Z22merge_sort_offchip_hlsPKiPiS1_S1_	2	scratch_a	1	144	4
arg_read	_Z22merge_sort_offchip_hlsPKiPiS1_S1_	3	scratch_a	1	200	4
arg_write	_Z22merge_sort_offchip_hlsPKiPiS1_S1_	5	scratch_b	2	152	4
arg_read	_Z22merge_sort_offchip_hlsPKiPiS1_S1_	2	scratch_a	1	144	4
arg_read	_Z22merge_sort_offchip_hlsPKiPiS1_S1_	3	scratch_a	1	204	4
arg_write	_Z22merge_sort_offchip_hlsPKiPiS1_S1_	5	scratch_b	2	156	4
arg_read	_Z22merge_sort_offchip_hlsPKiPiS1_S1_	2	scratch_a	1	144	4
arg_read	_Z22merge_sort_offchip_hlsPKiPiS1_S1_	3	scratch_a	1	208	4
arg_write	_Z22merge_sort_offchip_hlsPKiPiS1_S1_	4	scratch_b	2	160	4
arg_read	_Z22merge_sort_offchip_hlsPKiPiS1_S1_	2	scratch_a	1	148	4
arg_read	_Z22merge_sort_offchip_hlsPKiPiS1_S1_	3	scratch_a	1	208	4
arg_write	_Z22merge_sort_offchip_hlsPKiPiS1_S1_	5	scratch_b	2	164	4
arg_read	_Z22merge_sort_offchip_hlsPKiPiS1_S1_	2	scratch_a	1	148	4
arg_read	_Z22merge_sort_offchip_hlsPKiPiS1_S1_	3	scratch_a	1	212	4
arg_write	_Z22merge_sort_offchip_hlsPKiPiS1_S1_	4	scratch_b	2	168	4
arg_read	_Z22merge_sort_offchip_hlsPKiPiS1_S1_	2	scratch_a	1	152	4
arg_read	_Z22merge_sort_offchip_hlsPKiPiS1_S1_	3	scratch_a	1	212	4
arg_write	_Z22merge_sort_offchip_hlsPKiPiS1_S1_	4	scratch_b	2	172	4
arg_read	_Z22merge_sort_offchip_hlsPKiPiS1_S1_	2	scratch_a	1	156	4
arg_read	_Z22merge_sort_offchip_hlsPKiPiS1_S1_	3	scratch_a	1	212	4
arg_write	_Z22merge_sort_offchip_hlsPKiPiS1_S1_	4	scratch_b	2	176	4
arg_read	_Z22merge_sort_offchip_hlsPKiPiS1_S1_	2	scratch_a	1	160	4
arg_read	_Z22merge_sort_offchip_hlsPKiPiS1_S1_	3	scratch_a	1	212	4
arg_write	_Z22merge_sort_offchip_hlsPKiPiS1_S1_	5	scratch_b	2	180	4
arg_read	_Z22merge_sort_offchip_hlsPKiPiS1_S1_	2	scratch_a	1	160	4
arg_read	_Z22merge_sort_offchip_hlsPKiPiS1_S1_	3	scratch_a	1	216	4
arg_write	_Z22merge_sort_offchip_hlsPKiPiS1_S1_	4	scratch_b	2	184	4
arg_read	_Z22merge_sort_offchip_hlsPKiPiS1_S1_	2	scratch_a	1	164	4
arg_read	_Z22merge_sort_offchip_hlsPKiPiS1_S1_	3	scratch_a	1	216	4
arg_write	_Z22merge_sort_offchip_hlsPKiPiS1_S1_	5	scratch_b	2	188	4
arg_read	_Z22merge_sort_offchip_hlsPKiPiS1_S1_	2	scratch_a	1	164	4
arg_read	_Z22merge_sort_offchip_hlsPKiPiS1_S1_	3	scratch_a	1	220	4
arg_write	_Z22merge_sort_offchip_hlsPKiPiS1_S1_	5	scratch_b	2	192	4
arg_read	_Z22merge_sort_offchip_hlsPKiPiS1_S1_	2	scratch_a	1	164	4
arg_read	_Z22merge_sort_offchip_hlsPKiPiS1_S1_	3	scratch_a	1	224	4
arg_write	_Z22merge_sort_offchip_hlsPKiPiS1_S1_	5	scratch_b	2	196	4
arg_read	_Z22merge_sort_offchip_hlsPKiPiS1_S1_	2	scratch_a	1	164	4
arg_read	_Z22merge_sort_offchip_hlsPKiPiS1_S1_	3	scratch_a	1	228	4
arg_write	_Z22merge_sort_offchip_hlsPKiPiS1_S1_	4	scratch_b	2	200	4
arg_read	_Z22merge_sort_offchip_hlsPKiPiS1_S1_	2	scratch_a	1	168	4
arg_read	_Z22merge_sort_offchip_hlsPKiPiS1_S1_	3	scratch_a	1	228	4
arg_write	_Z22merge_sort_offchip_hlsPKiPiS1_S1_	4	scratch_b	2	204	4
arg_read	_Z22merge_sort_offchip_hlsPKiPiS1_S1_	2	scratch_a	1	172	4
arg_read	_Z22merge_sort_offchip_hlsPKiPiS1_S1_	3	scratch_a	1	228	4
arg_write	_Z22merge_sort_offchip_hlsPKiPiS1_S1_	4	scratch_b	2	208	4
arg_read	_Z22merge_sort_offchip_hlsPKiPiS1_S1_	2	scratch_a	1	176	4
arg_read	_Z22merge_sort_offchip_hlsPKiPiS1_S1_	3	scratch_a	1	228	4
arg_write	_Z22merge_sort_offchip_hlsPKiPiS1_S1_	5	scratch_b	2	212	4
arg_read	_Z22merge_sort_offchip_hlsPKiPiS1_S1_	2	scratch_a	1	176	4
arg_read	_Z22merge_sort_offchip_hlsPKiPiS1_S1_	3	scratch_a	1	232	4
arg_write	_Z22merge_sort_offchip_hlsPKiPiS1_S1_	4	scratch_b	2	216	4
arg_read	_Z22merge_sort_offchip_hlsPKiPiS1_S1_	2	scratch_a	1	180	4
arg_read	_Z22merge_sort_offchip_hlsPKiPiS1_S1_	3	scratch_a	1	232	4
arg_write	_Z22merge_sort_offchip_hlsPKiPiS1_S1_	5	scratch_b	2	220	4
arg_read	_Z22merge_sort_offchip_hlsPKiPiS1_S1_	2	scratch_a	1	180	4
arg_read	_Z22merge_sort_offchip_hlsPKiPiS1_S1_	3	scratch_a	1	236	4
arg_write	_Z22merge_sort_offchip_hlsPKiPiS1_S1_	5	scratch_b	2	224	4
arg_read	_Z22merge_sort_offchip_hlsPKiPiS1_S1_	2	scratch_a	1	180	4
arg_read	_Z22merge_sort_offchip_hlsPKiPiS1_S1_	3	scratch_a	1	240	4
arg_write	_Z22merge_sort_offchip_hlsPKiPiS1_S1_	4	scratch_b	2	228	4
arg_read	_Z22merge_sort_offchip_hlsPKiPiS1_S1_	2	scratch_a	1	184	4
arg_read	_Z22merge_sort_offchip_hlsPKiPiS1_S1_	3	scratch_a	1	240	4
arg_write	_Z22merge_sort_offchip_hlsPKiPiS1_S1_	5	scratch_b	2	232	4
arg_read	_Z22merge_sort_offchip_hlsPKiPiS1_S1_	2	scratch_a	1	184	4
arg_read	_Z22merge_sort_offchip_hlsPKiPiS1_S1_	3	scratch_a	1	244	4
arg_write	_Z22merge_sort_offchip_hlsPKiPiS1_S1_	5	scratch_b	2	236	4
arg_read	_Z22merge_sort_offchip_hlsPKiPiS1_S1_	2	scratch_a	1	184	4
arg_read	_Z22merge_sort_offchip_hlsPKiPiS1_S1_	3	scratch_a	1	248	4
arg_write	_Z22merge_sort_offchip_hlsPKiPiS1_S1_	4	scratch_b	2	240	4
arg_read	_Z22merge_sort_offchip_hlsPKiPiS1_S1_	2	scratch_a	1	188	4
arg_read	_Z22merge_sort_offchip_hlsPKiPiS1_S1_	3	scratch_a	1	248	4
arg_write	_Z22merge_sort_offchip_hlsPKiPiS1_S1_	5	scratch_b	2	244	4
arg_read	_Z22merge_sort_offchip_hlsPKiPiS1_S1_	2	scratch_a	1	188	4
arg_read	_Z22merge_sort_offchip_hlsPKiPiS1_S1_	3	scratch_a	1	252	4
arg_write	_Z22merge_sort_offchip_hlsPKiPiS1_S1_	4	scratch_b	2	248	4
arg_read	_Z22merge_sort_offchip_hlsPKiPiS1_S1_	3	scratch_a	1	252	4
arg_write	_Z22merge_sort_offchip_hlsPKiPiS1_S1_	5	scratch_b	2	252	4
arg_read	_Z22merge_sort_offchip_hlsPKiPiS1_S1_	6	scratch_b	2	0	4
arg_read	_Z22merge_sort_offchip_hlsPKiPiS1_S1_	7	scratch_b	2	128	4
arg_write	_Z22merge_sort_offchip_hlsPKiPiS1_S1_	9	scratch_a	1	0	4
arg_read	_Z22merge_sort_offchip_hlsPKiPiS1_S1_	6	scratch_b	2	0	4
arg_read	_Z22merge_sort_offchip_hlsPKiPiS1_S1_	7	scratch_b	2	132	4
arg_write	_Z22merge_sort_offchip_hlsPKiPiS1_S1_	9	scratch_a	1	4	4
arg_read	_Z22merge_sort_offchip_hlsPKiPiS1_S1_	6	scratch_b	2	0	4
arg_read	_Z22merge_sort_offchip_hlsPKiPiS1_S1_	7	scratch_b	2	136	4
arg_write	_Z22merge_sort_offchip_hlsPKiPiS1_S1_	8	scratch_a	1	8	4
arg_read	_Z22merge_sort_offchip_hlsPKiPiS1_S1_	6	scratch_b	2	4	4
arg_read	_Z22merge_sort_offchip_hlsPKiPiS1_S1_	7	scratch_b	2	136	4
arg_write	_Z22merge_sort_offchip_hlsPKiPiS1_S1_	8	scratch_a	1	12	4
arg_read	_Z22merge_sort_offchip_hlsPKiPiS1_S1_	6	scratch_b	2	8	4
arg_read	_Z22merge_sort_offchip_hlsPKiPiS1_S1_	7	scratch_b	2	136	4
arg_write	_Z22merge_sort_offchip_hlsPKiPiS1_S1_	8	scratch_a	1	16	4
arg_read	_Z22merge_sort_offchip_hlsPKiPiS1_S1_	6	scratch_b	2	12	4
arg_read	_Z22merge_sort_offchip_hlsPKiPiS1_S1_	7	scratch_b	2	136	4
arg_write	_Z22merge_sort_offchip_hlsPKiPiS1_S1_	8	scratch_a	1	20	4
arg_read	_Z22merge_sort_offchip_hlsPKiPiS1_S1_	6	scratch_b	2	16	4
arg_read	_Z22merge_sort_offchip_hlsPKiPiS1_S1_	7	scratch_b	2	136	4
arg_write	_Z22merge_sort_offchip_hlsPKiPiS1_S1_	8	scratch_a	1	24	4
arg_read	_Z22merge_sort_offchip_hlsPKiPiS1_S1_	6	scratch_b	2	20	4
arg_read	_Z22merge_sort_offchip_hlsPKiPiS1_S1_	7	scratch_b	2	136	4
arg_write	_Z22merge_sort_offchip_hlsPKiPiS1_S1_	8	scratch_a	1	28	4
arg_read	_Z22merge_sort_offchip_hlsPKiPiS1_S1_	6	scratch_b	2	24	4
arg_read	_Z22merge_sort_offchip_hlsPKiPiS1_S1_	7	scratch_b	2	136	4
arg_write	_Z22merge_sort_offchip_hlsPKiPiS1_S1_	8	scratch_a	1	32	4
arg_read	_Z22merge_sort_offchip_hlsPKiPiS1_S1_	6	scratch_b	2	28	4
arg_read	_Z22merge_sort_offchip_hlsPKiPiS1_S1_	7	scratch_b	2	136	4
arg_write	_Z22merge_sort_offchip_hlsPKiPiS1_S1_	8	scratch_a	1	36	4
arg_read	_Z22merge_sort_offchip_hlsPKiPiS1_S1_	6	scratch_b	2	32	4
arg_read	_Z22merge_sort_offchip_hlsPKiPiS1_S1_	7	scratch_b	2	136	4
arg_write	_Z22merge_sort_offchip_hlsPKiPiS1_S1_	8	scratch_a	1	40	4
arg_read	_Z22merge_sort_offchip_hlsPKiPiS1_S1_	6	scratch_b	2	36	4
arg_read	_Z22merge_sort_offchip_hlsPKiPiS1_S1_	7	scratch_b	2	136	4
arg_write	_Z22merge_sort_offchip_hlsPKiPiS1_S1_	8	scratch_a	1	44	4
arg_read	_Z22merge_sort_offchip_hlsPKiPiS1_S1_	6	scratch_b	2	40	4
arg_read	_Z22merge_sort_offchip_hlsPKiPiS1_S1_	7	scratch_b	2	136	4
arg_write	_Z22merge_sort_offchip_hlsPKiPiS1_S1_	8	scratch_a	1	48	4
arg_read	_Z22merge_sort_offchip_hlsPKiPiS1_S1_	6	scratch_b	2	44	4
arg_read	_Z22merge_sort_offchip_hlsPKiPiS1_S1_	7	scratch_b	2	136	4
arg_write	_Z22merge_sort_offchip_hlsPKiPiS1_S1_	8	scratch_a	1	52	4
arg_read	_Z22merge_sort_offchip_hlsPKiPiS1_S1_	6	scratch_b	2	48	4
arg_read	_Z22merge_sort_offchip_hlsPKiPiS1_S1_	7	scratch_b	2	136	4
arg_write	_Z22merge_sort_offchip_hlsPKiPiS1_S1_	8	scratch_a	1	56	4
arg_read	_Z22merge_sort_offchip_hlsPKiPiS1_S1_	6	scratch_b	2	52	4
arg_read	_Z22merge_sort_offchip_hlsPKiPiS1_S1_	7	scratch_b	2	136	4
arg_write	_Z22merge_sort_offchip_hlsPKiPiS1_S1_	9	scratch_a	1	60	4
arg_read	_Z22merge_sort_offchip_hlsPKiPiS1_S1_	6	scratch_b	2	52	4
arg_read	_Z22merge_sort_offchip_hlsPKiPiS1_S1_	7	scratch_b	2	140	4
arg_write	_Z22merge_sort_offchip_hlsPKiPiS1_S1_	8	scratch_a	1	64	4
arg_read	_Z22merge_sort_offchip_hlsPKiPiS1_S1_	6	scratch_b	2	56	4
arg_read	_Z22merge_sort_offchip_hlsPKiPiS1_S1_	7	scratch_b	2	140	4
arg_write	_Z22merge_sort_offchip_hlsPKiPiS1_S1_	9	scratch_a	1	68	4
arg_read	_Z22merge_sort_offchip_hlsPKiPiS1_S1_	6	scratch_b	2	56	4
arg_read	_Z22merge_sort_offchip_hlsPKiPiS1_S1_	7	scratch_b	2	144	4
arg_write	_Z22merge_sort_offchip_hlsPKiPiS1_S1_	8	scratch_a	1	72	4
arg_read	_Z22merge_sort_offchip_hlsPKiPiS1_S1_	6	scratch_b	2	60	4
arg_read	_Z22merge_sort_offchip_hlsPKiPiS1_S1_	7	scratch_b	2	144	4
arg_write	_Z22merge_sort_offchip_hlsPKiPiS1_S1_	9	scratch_a	1	76	4
arg_read	_Z22merge_sort_offchip_hlsPKiPiS1_S1_	6	scratch_b	2	60	4
arg_read	_Z22merge_sort_offchip_hlsPKiPiS1_S1_	7	scratch_b	2	148	4
arg_write	_Z22merge_sort_offchip_hlsPKiPiS1_S1_	8	scratch_a	1	80	4
arg_read	_Z22merge_sort_offchip_hlsPKiPiS1_S1_	6	scratch_b	2	64	4
arg_read	_Z22merge_sort_offchip_hlsPKiPiS1_S1_	7	scratch_b	2	148	4
arg_write	_Z22merge_sort_offchip_hlsPKiPiS1_S1_	9	scratch_a	1	84	4
arg_read	_Z22merge_sort_offchip_hlsPKiPiS1_S1_	6	scratch_b	2	64	4
arg_read	_Z22merge_sort_offchip_hlsPKiPiS1_S1_	7	scratch_b	2	152	4
arg_write	_Z22merge_sort_offchip_hlsPKiPiS1_S1_	9	scratch_a	1	88	4
arg_read	_Z22merge_sort_offchip_hlsPKiPiS1_S1_	6	scratch_b	2	64	4
arg_read	_Z22merge_sort_offchip_hlsPKiPiS1_S1_	7	scratch_b	2	156	4
arg_write	_Z22merge_sort_offchip_hlsPKiPiS1_S1_	8	scratch_a	1	92	4
arg_read	_Z22merge_sort_offchip_hlsPKiPiS1_S1_	6	scratch_b	2	68	4
arg_read	_Z22merge_sort_offchip_hlsPKiPiS1_S1_	7	scratch_b	2	156	4
arg_write	_Z22merge_sort_offchip_hlsPKiPiS1_S1_	8	scratch_a	1	96	4
arg_read	_Z22merge_sort_offchip_hlsPKiPiS1_S1_	6	scratch_b	2	72	4
arg_read	_Z22merge_sort_offchip_hlsPKiPiS1_S1_	7	scratch_b	2	156	4
arg_write	_Z22merge_sort_offchip_hlsPKiPiS1_S1_	9	scratch_a	1	100	4
arg_read	_Z22merge_sort_offchip_hlsPKiPiS1_S1_	6	scratch_b	2	72	4
arg_read	_Z22merge_sort_offchip_hlsPKiPiS1_S1_	7	scratch_b	2	160	4
arg_write	_Z22merge_sort_offchip_hlsPKiPiS1_S1_	9	scratch_a	1	104	4
arg_read	_Z22merge_sort_offchip_hlsPKiPiS1_S1_	6	scratch_b	2	72	4
arg_read	_Z22merge_sort_offchip_hlsPKiPiS1_S1_	7	scratch_b	2	164	4
arg_write	_Z22merge_sort_offchip_hlsPKiPiS1_S1_	9	scratch_a	1	108	4
arg_read	_Z22merge_sort_offchip_hlsPKiPiS1_S1_	6	scratch_b	2	72	4
arg_read	_Z22merge_sort_offchip_hlsPKiPiS1_S1_	7	scratch_b	2	168	4
arg_write	_Z22merge_sort_offchip_hlsPKiPiS1_S1_	9	scratch_a	1	112	4
arg_read	_Z22merge_sort_offchip_hlsPKiPiS1_S1_	6	scratch_b	2	72	4
arg_read	_Z22merge_sort_offchip_hlsPKiPiS1_S1_	7	scratch_b	2	172	4
arg_write	_Z22merge_sort_offchip_hlsPKiPiS1_S1_	8	scratch_a	1	116	4
arg_read	_Z22merge_sort_offchip_hlsPKiPiS1_S1_	6	scratch_b	2	76	4
arg_read	_Z22merge_sort_offchip_hlsPKiPiS1_S1_	7	scratch_b	2	172	4
arg_write	_Z22merge_sort_offchip_hlsPKiPiS1_S1_	8	scratch_a	1	120	4
arg_read	_Z22merge_sort_offchip_hlsPKiPiS1_S1_	6	scratch_b	2	80	4
arg_read	_Z22merge_sort_offchip_hlsPKiPiS1_S1_	7	scratch_b	2	172	4
arg_write	_Z22merge_sort_offchip_hlsPKiPiS1_S1_	9	scratch_a	1	124	4
arg_read	_Z22merge_sort_offchip_hlsPKiPiS1_S1_	6	scratch_b	2	80	4
arg_read	_Z22merge_sort_offchip_hlsPKiPiS1_S1_	7	scratch_b	2	176	4
arg_write	_Z22merge_sort_offchip_hlsPKiPiS1_S1_	8	scratch_a	1	128	4
arg_read	_Z22merge_sort_offchip_hlsPKiPiS1_S1_	6	scratch_b	2	84	4
arg_read	_Z22merge_sort_offchip_hlsPKiPiS1_S1_	7	scratch_b	2	176	4
arg_write	_Z22merge_sort_offchip_hlsPKiPiS1_S1_	8	scratch_a	1	132	4
arg_read	_Z22merge_sort_offchip_hlsPKiPiS1_S1_	6	scratch_b	2	88	4
arg_read	_Z22merge_sort_offchip_hlsPKiPiS1_S1_	7	scratch_b	2	176	4
arg_write	_Z22merge_sort_offchip_hlsPKiPiS1_S1_	9	scratch_a	1	136	4
arg_read	_Z22merge_sort_offchip_hlsPKiPiS1_S1_	6	scratch_b	2	88	4
arg_read	_Z22merge_sort_offchip_hlsPKiPiS1_S1_	7	scratch_b	2	180	4
arg_write	_Z22merge_sort_offchip_hlsPKiPiS1_S1_	9	scratch_a	1	140	4
arg_read	_Z22merge_sort_offchip_hlsPKiPiS1_S1_	6	scratch_b	2	88	4
arg_read	_Z22merge_sort_offchip_hlsPKiPiS1_S1_	7	scratch_b	2	184	4
arg_write	_Z22merge_sort_offchip_hlsPKiPiS1_S1_	8	scratch_a	1	144	4
arg_read	_Z22merge_sort_offchip_hlsPKiPiS1_S1_	6	scratch_b	2	92	4
arg_read	_Z22merge_sort_offchip_hlsPKiPiS1_S1_	7	scratch_b	2	184	4
arg_write	_Z22merge_sort_offchip_hlsPKiPiS1_S1_	9	scratch_a	1	148	4
arg_read	_Z22merge_sort_offchip_hlsPKiPiS1_S1_	6	scratch_b	2	92	4
arg_read	_Z22merge_sort_offchip_hlsPKiPiS1_S1_	7	scratch_b	2	188	4
arg_write	_Z22merge_sort_offchip_hlsPKiPiS1_S1_	9	scratch_a	1	152	4
arg_read	_Z22merge_sort_offchip_hlsPKiPiS1_S1_	6	scratch_b	2	92	4
arg_read	_Z22merge_sort_offchip_hlsPKiPiS1_S1_	7	scratch_b	2	192	4
arg_write	_Z22merge_sort_offchip_hlsPKiPiS1_S1_	9	scratch_a	1	156	4
arg_read	_Z22merge_sort_offchip_hlsPKiPiS1_S1_	6	scratch_b	2	92	4
arg_read	_Z22merge_sort_offchip_hlsPKiPiS1_S1_	7	scratch_b	2	196	4
arg_write	_Z22merge_sort_offchip_hlsPKiPiS1_S1_	8	scratch_a	1	160	4
arg_read	_Z22merge_sort_offchip_hlsPKiPiS1_S1_	6	scratch_b	2	96	4
arg_read	_Z22merge_sort_offchip_hlsPKiPiS1_S1_	7	scratch_b	2	196	4
arg_write	_Z22merge_sort_offchip_hlsPKiPiS1_S1_	9	scratch_a	1	164	4
arg_read	_Z22merge_sort_offchip_hlsPKiPiS1_S1_	6	scratch_b	2	96	4
arg_read	_Z22merge_sort_offchip_hlsPKiPiS1_S1_	7	scratch_b	2	200	4
arg_write	_Z22merge_sort_offchip_hlsPKiPiS1_S1_	9	scratch_a	1	168	4
arg_read	_Z22merge_sort_offchip_hlsPKiPiS1_S1_	6	scratch_b	2	96	4
arg_read	_Z22merge_sort_offchip_hlsPKiPiS1_S1_	7	scratch_b	2	204	4
arg_write	_Z22merge_sort_offchip_hlsPKiPiS1_S1_	9	scratch_a	1	172	4
arg_read	_Z22merge_sort_offchip_hlsPKiPiS1_S1_	6	scratch_b	2	96	4
arg_read	_Z22merge_sort_offchip_hlsPKiPiS1_S1_	7	scratch_b	2	208	4
arg_write	_Z22merge_sort_offchip_hlsPKiPiS1_S1_	9	scratch_a	1	176	4
arg_read	_Z22merge_sort_offchip_hlsPKiPiS1_S1_	6	scratch_b	2	96	4
arg_read	_Z22merge_sort_offchip_hlsPKiPiS1_S1_	7	scratch_b	2	212	4
arg_write	_Z22merge_sort_offchip_hlsPKiPiS1_S1_	8	scratch_a	1	180	4
arg_read	_Z22merge_sort_offchip_hlsPKiPiS1_S1_	6	scratch_b	2	100	4
arg_read	_Z22merge_sort_offchip_hlsPKiPiS1_S1_	7	scratch_b	2	212	4
arg_write	_Z22merge_sort_offchip_hlsPKiPiS1_S1_	9	scratch_a	1	184	4
arg_read	_Z22merge_sort_offchip_hlsPKiPiS1_S1_	6	scratch_b	2	100	4
arg_read	_Z22merge_sort_offchip_hlsPKiPiS1_S1_	7	scratch_b	2	216	4
arg_write	_Z22merge_sort_offchip_hlsPKiPiS1_S1_	9	scratch_a	1	188	4
arg_read	_Z22merge_sort_offchip_hlsPKiPiS1_S1_	6	scratch_b	2	100	4
arg_read	_Z22merge_sort_offchip_hlsPKiPiS1_S1_	7	scratch_b	2	220	4
arg_write	_Z22merge_sort_offchip_hlsPKiPiS1_S1_	9	scratch_a	1	192	4
arg_read	_Z22merge_sort_offchip_hlsPKiPiS1_S1_	6	scratch_b	2	100	4
arg_read	_Z22merge_sort_offchip_hlsPKiPiS1_S1_	7	scratch_b	2	224	4
arg_write	_Z22merge_sort_offchip_hlsPKiPiS1_S1_	8	scratch_a	1	196	4
arg_read	_Z22merge_sort_offchip_hlsPKiPiS1_S1_	6	scratch_b	2	104	4
arg_read	_Z22merge_sort_offchip_hlsPKiPiS1_S1_	7	scratch_b	2	224	4
arg_write	_Z22merge_sort_offchip_hlsPKiPiS1_S1_	9	scratch_a	1	200	4
arg_read	_Z22merge_sort_offchip_hlsPKiPiS1_S1_	6	scratch_b	2	104	4
arg_read	_Z22merge_sort_offchip_hlsPKiPiS1_S1_	7	scratch_b	2	228	4
arg_write	_Z22merge_sort_offchip_hlsPKiPiS1_S1_	9	scratch_a	1	204	4
arg_read	_Z22merge_sort_offchip_hlsPKiPiS1_S1_	6	scratch_b	2	104	4
arg_read	_Z22merge_sort_offchip_hlsPKiPiS1_S1_	7	scratch_b	2	232	4
arg_write	_Z22merge_sort_offchip_hlsPKiPiS1_S1_	9	scratch_a	1	208	4
arg_read	_Z22merge_sort_offchip_hlsPKiPiS1_S1_	6	scratch_b	2	104	4
arg_read	_Z22merge_sort_offchip_hlsPKiPiS1_S1_	7	scratch_b	2	236	4
arg_write	_Z22merge_sort_offchip_hlsPKiPiS1_S1_	8	scratch_a	1	212	4
arg_read	_Z22merge_sort_offchip_hlsPKiPiS1_S1_	6	scratch_b	2	108	4
arg_read	_Z22merge_sort_offchip_hlsPKiPiS1_S1_	7	scratch_b	2	236	4
arg_write	_Z22merge_sort_offchip_hlsPKiPiS1_S1_	8	scratch_a	1	216	4
arg_read	_Z22merge_sort_offchip_hlsPKiPiS1_S1_	6	scratch_b	2	112	4
arg_read	_Z22merge_sort_offchip_hlsPKiPiS1_S1_	7	scratch_b	2	236	4
arg_write	_Z22merge_sort_offchip_hlsPKiPiS1_S1_	9	scratch_a	1	220	4
arg_read	_Z22merge_sort_offchip_hlsPKiPiS1_S1_	6	scratch_b	2	112	4
arg_read	_Z22merge_sort_offchip_hlsPKiPiS1_S1_	7	scratch_b	2	240	4
arg_write	_Z22merge_sort_offchip_hlsPKiPiS1_S1_	8	scratch_a	1	224	4
arg_read	_Z22merge_sort_offchip_hlsPKiPiS1_S1_	6	scratch_b	2	116	4
arg_read	_Z22merge_sort_offchip_hlsPKiPiS1_S1_	7	scratch_b	2	240	4
arg_write	_Z22merge_sort_offchip_hlsPKiPiS1_S1_	9	scratch_a	1	228	4
arg_read	_Z22merge_sort_offchip_hlsPKiPiS1_S1_	6	scratch_b	2	116	4
arg_read	_Z22merge_sort_offchip_hlsPKiPiS1_S1_	7	scratch_b	2	244	4
arg_write	_Z22merge_sort_offchip_hlsPKiPiS1_S1_	9	scratch_a	1	232	4
arg_read	_Z22merge_sort_offchip_hlsPKiPiS1_S1_	6	scratch_b	2	116	4
arg_read	_Z22merge_sort_offchip_hlsPKiPiS1_S1_	7	scratch_b	2	248	4
arg_write	_Z22merge_sort_offchip_hlsPKiPiS1_S1_	8	scratch_a	1	236	4
arg_read	_Z22merge_sort_offchip_hlsPKiPiS1_S1_	6	scratch_b	2	120	4
arg_read	_Z22merge_sort_offchip_hlsPKiPiS1_S1_	7	scratch_b	2	248	4
arg_write	_Z22merge_sort_offchip_hlsPKiPiS1_S1_	9	scratch_a	1	240	4
arg_read	_Z22merge_sort_offchip_hlsPKiPiS1_S1_	6	scratch_b	2	120	4
arg_read	_Z22merge_sort_offchip_hlsPKiPiS1_S1_	7	scratch_b	2	252	4
arg_write	_Z22merge_sort_offchip_hlsPKiPiS1_S1_	9	scratch_a	1	244	4
arg_read	_Z22merge_sort_offchip_hlsPKiPiS1_S1_	6	scratch_b	2	120	4
arg_write	_Z22merge_sort_offchip_hlsPKiPiS1_S1_	8	scratch_a	1	248	4
arg_read	_Z22merge_sort_offchip_hlsPKiPiS1_S1_	6	scratch_b	2	124	4
arg_write	_Z22merge_sort_offchip_hlsPKiPiS1_S1_	8	scratch_a	1	252	4
arg_read	_Z22merge_sort_offchip_hlsPKiPiS1_S1_	10	scratch_a	1	0	4
arg_write	_Z22merge_sort_offchip_hlsPKiPiS1_S1_	12	out	3	0	4
arg_read	_Z22merge_sort_offchip_hlsPKiPiS1_S1_	10	scratch_a	1	4	4
arg_write	_Z22merge_sort_offchip_hlsPKiPiS1_S1_	12	out	3	4	4
arg_read	_Z22merge_sort_offchip_hlsPKiPiS1_S1_	10	scratch_a	1	8	4
arg_write	_Z22merge_sort_offchip_hlsPKiPiS1_S1_	12	out	3	8	4
arg_read	_Z22merge_sort_offchip_hlsPKiPiS1_S1_	10	scratch_a	1	12	4
arg_write	_Z22merge_sort_offchip_hlsPKiPiS1_S1_	12	out	3	12	4
arg_read	_Z22merge_sort_offchip_hlsPKiPiS1_S1_	10	scratch_a	1	16	4
arg_write	_Z22merge_sort_offchip_hlsPKiPiS1_S1_	12	out	3	16	4
arg_read	_Z22merge_sort_offchip_hlsPKiPiS1_S1_	10	scratch_a	1	20	4
arg_write	_Z22merge_sort_offchip_hlsPKiPiS1_S1_	12	out	3	20	4
arg_read	_Z22merge_sort_offchip_hlsPKiPiS1_S1_	10	scratch_a	1	24	4
arg_write	_Z22merge_sort_offchip_hlsPKiPiS1_S1_	12	out	3	24	4
arg_read	_Z22merge_sort_offchip_hlsPKiPiS1_S1_	10	scratch_a	1	28	4
arg_write	_Z22merge_sort_offchip_hlsPKiPiS1_S1_	12	out	3	28	4
arg_read	_Z22merge_sort_offchip_hlsPKiPiS1_S1_	10	scratch_a	1	32	4
arg_write	_Z22merge_sort_offchip_hlsPKiPiS1_S1_	12	out	3	32	4
arg_read	_Z22merge_sort_offchip_hlsPKiPiS1_S1_	10	scratch_a	1	36	4
arg_write	_Z22merge_sort_offchip_hlsPKiPiS1_S1_	12	out	3	36	4
arg_read	_Z22merge_sort_offchip_hlsPKiPiS1_S1_	10	scratch_a	1	40	4
arg_write	_Z22merge_sort_offchip_hlsPKiPiS1_S1_	12	out	3	40	4
arg_read	_Z22merge_sort_offchip_hlsPKiPiS1_S1_	10	scratch_a	1	44	4
arg_write	_Z22merge_sort_offchip_hlsPKiPiS1_S1_	12	out	3	44	4
arg_read	_Z22merge_sort_offchip_hlsPKiPiS1_S1_	10	scratch_a	1	48	4
arg_write	_Z22merge_sort_offchip_hlsPKiPiS1_S1_	12	out	3	48	4
arg_read	_Z22merge_sort_offchip_hlsPKiPiS1_S1_	10	scratch_a	1	52	4
arg_write	_Z22merge_sort_offchip_hlsPKiPiS1_S1_	12	out	3	52	4
arg_read	_Z22merge_sort_offchip_hlsPKiPiS1_S1_	10	scratch_a	1	56	4
arg_write	_Z22merge_sort_offchip_hlsPKiPiS1_S1_	12	out	3	56	4
arg_read	_Z22merge_sort_offchip_hlsPKiPiS1_S1_	10	scratch_a	1	60	4
arg_write	_Z22merge_sort_offchip_hlsPKiPiS1_S1_	12	out	3	60	4
arg_read	_Z22merge_sort_offchip_hlsPKiPiS1_S1_	10	scratch_a	1	64	4
arg_write	_Z22merge_sort_offchip_hlsPKiPiS1_S1_	12	out	3	64	4
arg_read	_Z22merge_sort_offchip_hlsPKiPiS1_S1_	10	scratch_a	1	68	4
arg_write	_Z22merge_sort_offchip_hlsPKiPiS1_S1_	12	out	3	68	4
arg_read	_Z22merge_sort_offchip_hlsPKiPiS1_S1_	10	scratch_a	1	72	4
arg_write	_Z22merge_sort_offchip_hlsPKiPiS1_S1_	12	out	3	72	4
arg_read	_Z22merge_sort_offchip_hlsPKiPiS1_S1_	10	scratch_a	1	76	4
arg_write	_Z22merge_sort_offchip_hlsPKiPiS1_S1_	12	out	3	76	4
arg_read	_Z22merge_sort_offchip_hlsPKiPiS1_S1_	10	scratch_a	1	80	4
arg_write	_Z22merge_sort_offchip_hlsPKiPiS1_S1_	12	out	3	80	4
arg_read	_Z22merge_sort_offchip_hlsPKiPiS1_S1_	10	scratch_a	1	84	4
arg_write	_Z22merge_sort_offchip_hlsPKiPiS1_S1_	12	out	3	84	4
arg_read	_Z22merge_sort_offchip_hlsPKiPiS1_S1_	10	scratch_a	1	88	4
arg_write	_Z22merge_sort_offchip_hlsPKiPiS1_S1_	12	out	3	88	4
arg_read	_Z22merge_sort_offchip_hlsPKiPiS1_S1_	10	scratch_a	1	92	4
arg_write	_Z22merge_sort_offchip_hlsPKiPiS1_S1_	12	out	3	92	4
arg_read	_Z22merge_sort_offchip_hlsPKiPiS1_S1_	10	scratch_a	1	96	4
arg_write	_Z22merge_sort_offchip_hlsPKiPiS1_S1_	12	out	3	96	4
arg_read	_Z22merge_sort_offchip_hlsPKiPiS1_S1_	10	scratch_a	1	100	4
arg_write	_Z22merge_sort_offchip_hlsPKiPiS1_S1_	12	out	3	100	4
arg_read	_Z22merge_sort_offchip_hlsPKiPiS1_S1_	10	scratch_a	1	104	4
arg_write	_Z22merge_sort_offchip_hlsPKiPiS1_S1_	12	out	3	104	4
arg_read	_Z22merge_sort_offchip_hlsPKiPiS1_S1_	10	scratch_a	1	108	4
arg_write	_Z22merge_sort_offchip_hlsPKiPiS1_S1_	12	out	3	108	4
arg_read	_Z22merge_sort_offchip_hlsPKiPiS1_S1_	10	scratch_a	1	112	4
arg_write	_Z22merge_sort_offchip_hlsPKiPiS1_S1_	12	out	3	112	4
arg_read	_Z22merge_sort_offchip_hlsPKiPiS1_S1_	10	scratch_a	1	116	4
arg_write	_Z22merge_sort_offchip_hlsPKiPiS1_S1_	12	out	3	116	4
arg_read	_Z22merge_sort_offchip_hlsPKiPiS1_S1_	10	scratch_a	1	120	4
arg_write	_Z22merge_sort_offchip_hlsPKiPiS1_S1_	12	out	3	120	4
arg_read	_Z22merge_sort_offchip_hlsPKiPiS1_S1_	10	scratch_a	1	124	4
arg_write	_Z22merge_sort_offchip_hlsPKiPiS1_S1_	12	out	3	124	4
arg_read	_Z22merge_sort_offchip_hlsPKiPiS1_S1_	10	scratch_a	1	128	4
arg_write	_Z22merge_sort_offchip_hlsPKiPiS1_S1_	12	out	3	128	4
arg_read	_Z22merge_sort_offchip_hlsPKiPiS1_S1_	10	scratch_a	1	132	4
arg_write	_Z22merge_sort_offchip_hlsPKiPiS1_S1_	12	out	3	132	4
arg_read	_Z22merge_sort_offchip_hlsPKiPiS1_S1_	10	scratch_a	1	136	4
arg_write	_Z22merge_sort_offchip_hlsPKiPiS1_S1_	12	out	3	136	4
arg_read	_Z22merge_sort_offchip_hlsPKiPiS1_S1_	10	scratch_a	1	140	4
arg_write	_Z22merge_sort_offchip_hlsPKiPiS1_S1_	12	out	3	140	4
arg_read	_Z22merge_sort_offchip_hlsPKiPiS1_S1_	10	scratch_a	1	144	4
arg_write	_Z22merge_sort_offchip_hlsPKiPiS1_S1_	12	out	3	144	4
arg_read	_Z22merge_sort_offchip_hlsPKiPiS1_S1_	10	scratch_a	1	148	4
arg_write	_Z22merge_sort_offchip_hlsPKiPiS1_S1_	12	out	3	148	4
arg_read	_Z22merge_sort_offchip_hlsPKiPiS1_S1_	10	scratch_a	1	152	4
arg_write	_Z22merge_sort_offchip_hlsPKiPiS1_S1_	12	out	3	152	4
arg_read	_Z22merge_sort_offchip_hlsPKiPiS1_S1_	10	scratch_a	1	156	4
arg_write	_Z22merge_sort_offchip_hlsPKiPiS1_S1_	12	out	3	156	4
arg_read	_Z22merge_sort_offchip_hlsPKiPiS1_S1_	10	scratch_a	1	160	4
arg_write	_Z22merge_sort_offchip_hlsPKiPiS1_S1_	12	out	3	160	4
arg_read	_Z22merge_sort_offchip_hlsPKiPiS1_S1_	10	scratch_a	1	164	4
arg_write	_Z22merge_sort_offchip_hlsPKiPiS1_S1_	12	out	3	164	4
arg_read	_Z22merge_sort_offchip_hlsPKiPiS1_S1_	10	scratch_a	1	168	4
arg_write	_Z22merge_sort_offchip_hlsPKiPiS1_S1_	12	out	3	168	4
arg_read	_Z22merge_sort_offchip_hlsPKiPiS1_S1_	10	scratch_a	1	172	4
arg_write	_Z22merge_sort_offchip_hlsPKiPiS1_S1_	12	out	3	172	4
arg_read	_Z22merge_sort_offchip_hlsPKiPiS1_S1_	10	scratch_a	1	176	4
arg_write	_Z22merge_sort_offchip_hlsPKiPiS1_S1_	12	out	3	176	4
arg_read	_Z22merge_sort_offchip_hlsPKiPiS1_S1_	10	scratch_a	1	180	4
arg_write	_Z22merge_sort_offchip_hlsPKiPiS1_S1_	12	out	3	180	4
arg_read	_Z22merge_sort_offchip_hlsPKiPiS1_S1_	10	scratch_a	1	184	4
arg_write	_Z22merge_sort_offchip_hlsPKiPiS1_S1_	12	out	3	184	4
arg_read	_Z22merge_sort_offchip_hlsPKiPiS1_S1_	10	scratch_a	1	188	4
arg_write	_Z22merge_sort_offchip_hlsPKiPiS1_S1_	12	out	3	188	4
arg_read	_Z22merge_sort_offchip_hlsPKiPiS1_S1_	10	scratch_a	1	192	4
arg_write	_Z22merge_sort_offchip_hlsPKiPiS1_S1_	12	out	3	192	4
arg_read	_Z22merge_sort_offchip_hlsPKiPiS1_S1_	10	scratch_a	1	196	4
arg_write	_Z22merge_sort_offchip_hlsPKiPiS1_S1_	12	out	3	196	4
arg_read	_Z22merge_sort_offchip_hlsPKiPiS1_S1_	10	scratch_a	1	200	4
arg_write	_Z22merge_sort_offchip_hlsPKiPiS1_S1_	12	out	3	200	4
arg_read	_Z22merge_sort_offchip_hlsPKiPiS1_S1_	10	scratch_a	1	204	4
arg_write	_Z22merge_sort_offchip_hlsPKiPiS1_S1_	12	out	3	204	4
arg_read	_Z22merge_sort_offchip_hlsPKiPiS1_S1_	10	scratch_a	1	208	4
arg_write	_Z22merge_sort_offchip_hlsPKiPiS1_S1_	12	out	3	208	4
arg_read	_Z22merge_sort_offchip_hlsPKiPiS1_S1_	10	scratch_a	1	212	4
arg_write	_Z22merge_sort_offchip_hlsPKiPiS1_S1_	12	out	3	212	4
arg_read	_Z22merge_sort_offchip_hlsPKiPiS1_S1_	10	scratch_a	1	216	4
arg_write	_Z22merge_sort_offchip_hlsPKiPiS1_S1_	12	out	3	216	4
arg_read	_Z22merge_sort_offchip_hlsPKiPiS1_S1_	10	scratch_a	1	220	4
arg_write	_Z22merge_sort_offchip_hlsPKiPiS1_S1_	12	out	3	220	4
arg_read	_Z22merge_sort_offchip_hlsPKiPiS1_S1_	10	scratch_a	1	224	4
arg_write	_Z22merge_sort_offchip_hlsPKiPiS1_S1_	12	out	3	224	4
arg_read	_Z22merge_sort_offchip_hlsPKiPiS1_S1_	10	scratch_a	1	228	4
arg_write	_Z22merge_sort_offchip_hlsPKiPiS1_S1_	12	out	3	228	4
arg_read	_Z22merge_sort_offchip_hlsPKiPiS1_S1_	10	scratch_a	1	232	4
arg_write	_Z22merge_sort_offchip_hlsPKiPiS1_S1_	12	out	3	232	4
arg_read	_Z22merge_sort_offchip_hlsPKiPiS1_S1_	10	scratch_a	1	236	4
arg_write	_Z22merge_sort_offchip_hlsPKiPiS1_S1_	12	out	3	236	4
arg_read	_Z22merge_sort_offchip_hlsPKiPiS1_S1_	10	scratch_a	1	240	4
arg_write	_Z22merge_sort_offchip_hlsPKiPiS1_S1_	12	out	3	240	4
arg_read	_Z22merge_sort_offchip_hlsPKiPiS1_S1_	10	scratch_a	1	244	4
arg_write	_Z22merge_sort_offchip_hlsPKiPiS1_S1_	12	out	3	244	4
arg_read	_Z22merge_sort_offchip_hlsPKiPiS1_S1_	10	scratch_a	1	248	4
arg_write	_Z22merge_sort_offchip_hlsPKiPiS1_S1_	12	out	3	248	4
arg_read	_Z22merge_sort_offchip_hlsPKiPiS1_S1_	10	scratch_a	1	252	4
arg_write	_Z22merge_sort_offchip_hlsPKiPiS1_S1_	12	out	3	252	4
